touch_id,user_hash,placement_id,touch_type,ts,raw_payload,match_quality,converted,data_origin
1,5a2ea478d53a4467,p_own_1809,bot_start,2026-07-23 16:15:07.986447180,start=p_own_1809,deterministic,0,synthetic
2,806a3308947af187,p_own_1809,bot_start,2026-07-23 16:51:59.662154326,start=p_own_1809,deterministic,0,synthetic
3,63cf1c490115055b,p_own_1809,promo_code_used,2026-07-23 18:53:40.346633075,start=p_own_1809,deterministic,0,synthetic
4,b62ed5f27ba4b29b,p_own_1809,bot_start,2026-07-23 19:47:08.224414860,start=p_own_1809,deterministic,0,synthetic
5,d7ede36643483b3b,p_own_1809,promo_code_used,2026-07-23 20:06:07.535699539,start=p_own_1809,deterministic,0,synthetic
6,e01f464bcbbe9dad,p_own_1809,manager_chat_open,2026-07-23 20:08:23.423446796,start=p_own_1809,deterministic,0,synthetic
7,940ec9fad33fa8e4,p_own_1809,manager_chat_open,2026-07-23 20:12:14.475703500,start=p_own_1809,deterministic,0,synthetic
8,cfe66a8c62dfbe6d,p_own_1809,bot_start,2026-07-23 20:37:03.768992772,start=p_own_1809,deterministic,0,synthetic
9,18b374e8ec7a8438,p_own_1809,bot_start,2026-07-23 21:15:51.870236475,start=p_own_1809,deterministic,0,synthetic
10,f57be21c511abf1f,p_own_1809,manager_chat_open,2026-07-23 23:07:57.579802696,start=p_own_1809,deterministic,0,synthetic
11,7b39898f9b4a37dd,p_own_1809,bot_start,2026-07-24 00:50:55.909467030,start=p_own_1809,deterministic,0,synthetic
12,3cbc8e50092a6d09,p_own_1809,bot_start,2026-07-24 02:04:06.415156276,start=p_own_1809,deterministic,0,synthetic
13,e193fc696b82c355,p_own_1809,bot_start,2026-07-24 03:14:31.605418722,start=p_own_1809,deterministic,0,synthetic
14,681062376c7213bf,p_own_1809,bot_start,2026-07-24 05:44:46.878622064,start=p_own_1809,deterministic,0,synthetic
15,4db1bf386799125d,p_own_1809,manager_chat_open,2026-07-24 06:12:11.417699505,start=p_own_1809,deterministic,0,synthetic
16,e2c7cba017781425,p_own_1809,bot_start,2026-07-24 06:22:06.620838479,start=p_own_1809,deterministic,0,synthetic
17,14037cf76c6b38f6,p_own_1809,bot_start,2026-07-24 07:52:40.046239274,start=p_own_1809,deterministic,0,synthetic
18,66889713333ca93a,p_own_1809,bot_start,2026-07-24 10:38:48.813518428,start=p_own_1809,deterministic,0,synthetic
19,4bff0549c0d52b9d,p_own_1809,bot_start,2026-07-24 12:20:45.211766531,start=p_own_1809,deterministic,0,synthetic
20,9e87bb2b2a8a0a09,p_own_1809,bot_start,2026-07-24 12:30:27.005554854,start=p_own_1809,deterministic,0,synthetic
21,96c227ccf5e1f852,p_own_1809,manager_chat_open,2026-07-24 12:36:20.229784826,start=p_own_1809,deterministic,0,synthetic
22,725d9af2760b92cd,p_own_1809,manager_chat_open,2026-07-24 12:40:23.482577021,start=p_own_1809,deterministic,0,synthetic
23,943c3b606df5260f,p_own_1809,bot_start,2026-07-24 13:26:15.449609963,start=p_own_1809,deterministic,0,synthetic
24,415025bae7aeba03,p_own_1809,manager_chat_open,2026-07-24 14:02:16.301192828,start=p_own_1809,deterministic,0,synthetic
25,43bb9176fb2e0d11,p_own_1809,manager_chat_open,2026-07-24 16:01:44.991227637,start=p_own_1809,deterministic,0,synthetic
26,f7509d124a6f8078,p_own_1809,bot_start,2026-07-24 18:07:52.573649907,start=p_own_1809,deterministic,0,synthetic
27,d7cfd95ae0cf546c,p_own_1811,promo_code_used,2026-07-24 19:08:04.401693572,start=p_own_1811,deterministic,0,synthetic
28,c747d37ed952a9a7,p_own_1809,manager_chat_open,2026-07-24 19:16:22.245132110,start=p_own_1809,deterministic,0,synthetic
29,c107a1479966cb6c,p_own_1811,manager_chat_open,2026-07-24 19:33:07.852421773,start=p_own_1811,deterministic,0,synthetic
30,25501fa518df4c11,p_own_1811,bot_start,2026-07-24 19:35:35.306169582,start=p_own_1811,deterministic,0,synthetic
31,8700ba989ccfcb3d,p_own_1811,promo_code_used,2026-07-24 20:26:44.134356254,start=p_own_1811,deterministic,0,synthetic
32,51760fbf734768e7,p_own_1809,bot_start,2026-07-24 21:52:56.922275618,start=p_own_1809,deterministic,0,synthetic
33,9e06bf30cc237865,p_own_1809,bot_start,2026-07-24 22:53:11.806211962,start=p_own_1809,deterministic,0,synthetic
34,c55b8d726dbeb2fc,p_own_1811,bot_start,2026-07-25 00:03:36.992680738,start=p_own_1811,deterministic,0,synthetic
35,567571a240f122ac,p_own_1811,promo_code_used,2026-07-25 03:46:45.378759587,start=p_own_1811,deterministic,0,synthetic
36,2352c09f8fd55f37,p_own_1811,manager_chat_open,2026-07-25 04:03:11.297831453,start=p_own_1811,deterministic,0,synthetic
37,774ed693740f7a12,p_own_1809,bot_start,2026-07-25 04:15:52.559594816,start=p_own_1809,deterministic,0,synthetic
38,a88764f83533a2a3,p_own_1811,manager_chat_open,2026-07-25 04:17:57.056186133,start=p_own_1811,deterministic,0,synthetic
39,ed3859027619097f,p_own_1811,promo_code_used,2026-07-25 04:21:30.813087833,start=p_own_1811,deterministic,0,synthetic
40,e11bcd0894fc78b5,p_own_1811,manager_chat_open,2026-07-25 04:32:25.487623106,start=p_own_1811,deterministic,0,synthetic
41,7066e1f9156ceb0c,p_own_1811,promo_code_used,2026-07-25 05:32:33.753481619,start=p_own_1811,deterministic,0,synthetic
42,86410c677df4d6d2,p_own_1811,bot_start,2026-07-25 06:25:54.675164147,start=p_own_1811,deterministic,0,synthetic
43,042a71076935e4a4,p_own_1811,promo_code_used,2026-07-25 06:27:20.886737767,start=p_own_1811,deterministic,0,synthetic
44,9f2d2a1a77d64851,p_own_1811,bot_start,2026-07-25 06:38:05.911390249,start=p_own_1811,deterministic,0,synthetic
45,59143c10bb961f5d,p_own_1811,promo_code_used,2026-07-25 06:43:10.579619954,start=p_own_1811,deterministic,0,synthetic
46,bb9fb3ca125eefd1,p_own_1811,manager_chat_open,2026-07-25 07:21:03.982739763,start=p_own_1811,deterministic,0,synthetic
47,53fd47f3f36b181f,p_own_1811,manager_chat_open,2026-07-25 09:57:58.783026113,start=p_own_1811,deterministic,0,synthetic
48,3d5fff5cf1331aa9,p_own_1811,manager_chat_open,2026-07-25 11:42:42.906634323,start=p_own_1811,deterministic,0,synthetic
49,cc31ce3a38069803,p_own_1812,bot_start,2026-07-25 12:07:29.835930087,start=p_own_1812,deterministic,0,synthetic
50,e5f51f202452d0e1,p_own_1812,bot_start,2026-07-25 12:10:19.000000000,start=p_own_1812,deterministic,1,synthetic
51,e5f51f202452d0e1,p_own_1812,bot_start,2026-07-25 12:10:19.000000000,start=p_own_1812,deterministic,1,synthetic
52,49fc94bd6032e48f,p_own_1812,manager_chat_open,2026-07-25 12:10:19.000000000,start=p_own_1812,deterministic,1,synthetic
53,807acdf7e2453db4,p_own_1812,bot_start,2026-07-25 12:10:19.000000000,start=p_own_1812,deterministic,1,synthetic
54,70758f9bdcc7c967,p_own_1812,bot_start,2026-07-25 12:15:47.780580235,start=p_own_1812,deterministic,0,synthetic
55,89b61ee061c667c9,p_own_1812,promo_code_used,2026-07-25 12:37:40.435373960,start=p_own_1812,deterministic,0,synthetic
56,1230a12f111292eb,p_own_1812,manager_chat_open,2026-07-25 13:44:59.869485824,start=p_own_1812,deterministic,1,synthetic
57,00944bcf5204c059,p_own_1811,manager_chat_open,2026-07-25 13:53:19.567934196,start=p_own_1811,deterministic,0,synthetic
58,4dbfda2c0832c8b8,p_own_1812,manager_chat_open,2026-07-25 14:21:01.117630140,start=p_own_1812,deterministic,0,synthetic
59,82312c36f96d099d,p_own_1812,bot_start,2026-07-25 14:27:46.989919599,start=p_own_1812,deterministic,0,synthetic
60,0ab4922ad7493ff0,p_own_1811,promo_code_used,2026-07-25 15:21:09.427137329,start=p_own_1811,deterministic,0,synthetic
61,ee5d1f8793c87dc8,p_own_1811,bot_start,2026-07-25 16:10:08.986342418,start=p_own_1811,deterministic,0,synthetic
62,d57d89685f20227a,p_own_1811,manager_chat_open,2026-07-25 16:30:58.810919313,start=p_own_1811,deterministic,0,synthetic
63,61f351e799215318,p_own_1812,manager_chat_open,2026-07-25 16:49:56.163700650,start=p_own_1812,deterministic,0,synthetic
64,d6fa809b14bccaec,p_own_1809,manager_chat_open,2026-07-25 17:36:22.620006052,start=p_own_1809,deterministic,0,synthetic
65,7fb492deba3aadd9,p_own_1812,manager_chat_open,2026-07-25 17:45:01.972099760,start=p_own_1812,deterministic,0,synthetic
66,2af8bf3429d7f041,p_own_1811,manager_chat_open,2026-07-25 17:47:08.472816920,start=p_own_1811,deterministic,0,synthetic
67,88dfbab62452823b,p_own_1811,manager_chat_open,2026-07-25 19:14:45.674091408,start=p_own_1811,deterministic,0,synthetic
68,3bf6d2bf2e2cbc50,p_own_1812,manager_chat_open,2026-07-25 19:56:02.716429826,start=p_own_1812,deterministic,0,synthetic
69,8fe467f8b47da2c4,p_own_1812,promo_code_used,2026-07-25 20:08:27.801429628,start=p_own_1812,deterministic,0,synthetic
70,003e527cf8229e64,p_own_1811,bot_start,2026-07-25 20:16:23.544185498,start=p_own_1811,deterministic,0,synthetic
71,89ff008dd5124abb,p_own_1812,bot_start,2026-07-25 21:33:17.781237051,start=p_own_1812,deterministic,0,synthetic
72,a906e53ceed3fa4b,p_own_1812,manager_chat_open,2026-07-25 21:38:26.006818576,start=p_own_1812,deterministic,0,synthetic
73,1d23a809635be010,p_own_1811,bot_start,2026-07-25 21:56:58.677796044,start=p_own_1811,deterministic,0,synthetic
74,7dd252a9bbb992f0,p_own_1812,bot_start,2026-07-25 23:16:51.999500971,start=p_own_1812,deterministic,0,synthetic
75,d9a1071939c79fb1,p_own_1812,bot_start,2026-07-26 01:14:12.743930879,start=p_own_1812,deterministic,0,synthetic
76,02cc21a17b6464ed,p_own_1812,manager_chat_open,2026-07-26 02:01:07.622209882,start=p_own_1812,deterministic,0,synthetic
77,2163e042cb4db4f7,p_own_1812,manager_chat_open,2026-07-26 03:28:11.894212647,start=p_own_1812,deterministic,0,synthetic
78,e84a7cca1d19179d,p_own_1812,manager_chat_open,2026-07-26 05:14:48.124914627,start=p_own_1812,deterministic,0,synthetic
79,3727d2e8caacd1f2,p_own_1809,bot_start,2026-07-26 05:58:28.783566455,start=p_own_1809,deterministic,0,synthetic
80,456012c2ee24c7ec,p_own_1811,manager_chat_open,2026-07-26 06:04:34.255585041,start=p_own_1811,deterministic,0,synthetic
81,7143c57ce8d46520,p_own_1811,bot_start,2026-07-26 06:15:39.813559413,start=p_own_1811,deterministic,0,synthetic
82,02774a8285958853,p_own_1812,bot_start,2026-07-26 07:28:12.704973304,start=p_own_1812,deterministic,0,synthetic
83,616f0aa9028d8442,p_own_1812,bot_start,2026-07-26 07:56:02.381765738,start=p_own_1812,deterministic,0,synthetic
84,92cf062436a8ffcb,p_own_1812,bot_start,2026-07-26 08:31:57.537936369,start=p_own_1812,deterministic,0,synthetic
85,af317ac1bc7d0832,p_own_1811,manager_chat_open,2026-07-26 11:19:13.069808378,start=p_own_1811,deterministic,0,synthetic
86,dca05eaea943d454,p_own_1809,manager_chat_open,2026-07-26 11:23:07.643304963,start=p_own_1809,deterministic,0,synthetic
87,6ac962cac7a4dd75,p_own_1812,promo_code_used,2026-07-26 12:01:08.294254632,start=p_own_1812,deterministic,0,synthetic
88,6601d4d1e0b022b2,p_own_1811,promo_code_used,2026-07-26 12:31:51.310788267,start=p_own_1811,deterministic,0,synthetic
89,60393c071b2b669d,p_own_1809,bot_start,2026-07-26 12:39:38.062524615,start=p_own_1809,deterministic,0,synthetic
90,af22281081cddcea,p_own_1812,bot_start,2026-07-26 15:07:32.231818291,start=p_own_1812,deterministic,0,synthetic
91,4c4692b55d8ac737,p_own_1815,bot_start,2026-07-26 16:24:10.773255506,start=p_own_1815,deterministic,0,synthetic
92,6949961f03bfb7c7,p_own_1811,bot_start,2026-07-26 17:07:50.196778127,start=p_own_1811,deterministic,0,synthetic
93,dd42469d22478661,p_own_1815,manager_chat_open,2026-07-26 17:26:46.526971451,start=p_own_1815,deterministic,0,synthetic
94,43b3294c4ab46279,p_own_1812,manager_chat_open,2026-07-26 17:45:58.864248794,start=p_own_1812,deterministic,0,synthetic
95,3b76de419186dbdd,p_own_1815,bot_start,2026-07-26 17:51:39.901363000,start=p_own_1815,deterministic,0,synthetic
96,ab56746950ccf849,p_own_1812,bot_start,2026-07-26 18:08:40.103571739,start=p_own_1812,deterministic,0,synthetic
97,fc967c230870cd15,p_own_1809,promo_code_used,2026-07-26 19:52:56.843460572,start=p_own_1809,deterministic,0,synthetic
98,ac9763bde675e7a5,p_own_1815,promo_code_used,2026-07-26 20:33:18.717654618,start=p_own_1815,deterministic,0,synthetic
99,febb03aeb2a19109,p_own_1815,promo_code_used,2026-07-26 20:55:16.873124406,start=p_own_1815,deterministic,0,synthetic
100,e1991e463957a9cb,p_own_1812,bot_start,2026-07-26 21:07:58.219902208,start=p_own_1812,deterministic,0,synthetic
101,f78ad00acb31e58a,p_own_1812,bot_start,2026-07-26 21:37:29.474481223,start=p_own_1812,deterministic,0,synthetic
102,c86209788e0e7091,p_own_1811,bot_start,2026-07-26 21:40:33.741123150,start=p_own_1811,deterministic,0,synthetic
103,2c4692b8c4f1530c,p_own_1811,promo_code_used,2026-07-26 22:10:41.887378650,start=p_own_1811,deterministic,0,synthetic
104,624bea41403713a9,p_own_1815,bot_start,2026-07-26 22:11:03.494430462,start=p_own_1815,deterministic,0,synthetic
105,6e1fd62a466fa07d,p_own_1811,bot_start,2026-07-27 00:15:31.071713180,start=p_own_1811,deterministic,0,synthetic
106,42a9f76936aa1f0b,p_own_1815,bot_start,2026-07-27 00:32:01.366519046,start=p_own_1815,deterministic,0,synthetic
107,0816aa1c24f5f89a,p_own_1809,manager_chat_open,2026-07-27 00:38:42.912009763,start=p_own_1809,deterministic,0,synthetic
108,6f64bbaa0a73e579,p_own_1812,manager_chat_open,2026-07-27 00:40:24.149815609,start=p_own_1812,deterministic,0,synthetic
109,b99564660b9c7f21,p_own_1815,manager_chat_open,2026-07-27 01:16:42.892327800,start=p_own_1815,deterministic,0,synthetic
110,d5ab61abe5db4000,p_own_1811,bot_start,2026-07-27 04:03:01.969500366,start=p_own_1811,deterministic,0,synthetic
111,8b65555c96ec45cf,p_own_1812,manager_chat_open,2026-07-27 05:18:40.058767862,start=p_own_1812,deterministic,0,synthetic
112,9c3f4047e55135ee,p_own_1811,promo_code_used,2026-07-27 05:42:32.102593288,start=p_own_1811,deterministic,0,synthetic
113,39fbe9a5a3e70c39,p_own_1815,bot_start,2026-07-27 05:58:56.063567082,start=p_own_1815,deterministic,0,synthetic
114,c8056d4b54cfef8b,p_own_1815,manager_chat_open,2026-07-27 06:08:18.468790671,start=p_own_1815,deterministic,0,synthetic
115,636b79a1d08d88ca,p_own_1815,bot_start,2026-07-27 06:13:15.521288576,start=p_own_1815,deterministic,0,synthetic
116,54f336a63450c2e0,p_own_1811,manager_chat_open,2026-07-27 06:19:35.044192101,start=p_own_1811,deterministic,0,synthetic
117,2a5ea3417b7dd612,p_own_1815,bot_start,2026-07-27 06:37:35.330815920,start=p_own_1815,deterministic,0,synthetic
118,ad587cb2a4c1982b,p_own_1815,bot_start,2026-07-27 08:47:26.247273034,start=p_own_1815,deterministic,0,synthetic
119,4b1a8cf5a560e1f2,p_own_1815,bot_start,2026-07-27 13:00:20.724222222,start=p_own_1815,deterministic,0,synthetic
120,dd25375910697e66,p_own_1811,bot_start,2026-07-27 13:30:48.214092094,start=p_own_1811,deterministic,0,synthetic
121,08a563dd12745550,p_own_1815,manager_chat_open,2026-07-27 13:31:41.255089940,start=p_own_1815,deterministic,0,synthetic
122,7f27bd8f463bbccb,p_own_1812,manager_chat_open,2026-07-27 14:02:39.855021284,start=p_own_1812,deterministic,0,synthetic
123,7601bbafbe2c53f3,p_own_1815,bot_start,2026-07-27 15:31:53.596605803,start=p_own_1815,deterministic,0,synthetic
124,cbd8fc113793724b,p_own_1811,promo_code_used,2026-07-27 16:00:41.066879139,start=p_own_1811,deterministic,0,synthetic
125,b0d6efccd8474c1d,p_own_1812,bot_start,2026-07-27 16:06:53.982045224,start=p_own_1812,deterministic,0,synthetic
126,8e9b34a917dbf9b5,p_own_1815,bot_start,2026-07-27 16:55:00.827437222,start=p_own_1815,deterministic,0,synthetic
127,091f1e35bb3ad464,p_own_1815,bot_start,2026-07-27 18:44:18.742779963,start=p_own_1815,deterministic,0,synthetic
128,eb74c3eb6f7e4600,p_own_1812,bot_start,2026-07-27 18:59:55.477765110,start=p_own_1812,deterministic,0,synthetic
129,217a050447346c20,p_own_1815,manager_chat_open,2026-07-27 21:20:21.116451041,start=p_own_1815,deterministic,0,synthetic
130,96822bdb08cbf4e9,p_own_1815,bot_start,2026-07-27 22:24:14.671726060,start=p_own_1815,deterministic,0,synthetic
131,c9aa43b18497868a,p_own_1811,bot_start,2026-07-28 00:12:35.866375433,start=p_own_1811,deterministic,0,synthetic
132,02fc90c860712e7d,p_own_1812,manager_chat_open,2026-07-28 01:30:34.108570961,start=p_own_1812,deterministic,1,synthetic
133,be5caafc8989eb66,p_own_1812,bot_start,2026-07-28 02:18:39.564978759,start=p_own_1812,deterministic,0,synthetic
134,8f91ca9b4a17a9b6,p_own_1811,manager_chat_open,2026-07-28 02:28:41.865849696,start=p_own_1811,deterministic,0,synthetic
135,182c58ef29e23e88,p_own_1815,promo_code_used,2026-07-28 07:19:11.636462098,start=p_own_1815,deterministic,0,synthetic
136,f86cff44d71ec367,p_own_1812,manager_chat_open,2026-07-28 09:34:13.340235078,start=p_own_1812,deterministic,0,synthetic
137,130153980972f8bc,p_own_1812,bot_start,2026-07-28 10:25:02.426888115,start=p_own_1812,deterministic,0,synthetic
138,f483ed321c169e6d,p_own_1815,bot_start,2026-07-28 20:44:27.503964552,start=p_own_1815,deterministic,0,synthetic
139,a1e47ac0015c36ab,p_own_1812,manager_chat_open,2026-07-28 22:55:50.201884269,start=p_own_1812,deterministic,0,synthetic
140,ef24412aa8bcbea8,p_own_1811,bot_start,2026-07-28 23:58:19.483390180,start=p_own_1811,deterministic,0,synthetic
141,29d075df1c434f34,p_own_1815,bot_start,2026-07-29 08:08:02.336652708,start=p_own_1815,deterministic,0,synthetic
142,a0d0ba4dc365d060,p_own_1809,manager_chat_open,2026-07-29 15:48:03.865077995,start=p_own_1809,deterministic,1,synthetic
143,632559ac558bbba0,p_own_1823,manager_chat_open,2026-07-29 19:10:26.000000000,start=p_own_1823,deterministic,1,synthetic
144,def7be213e27a4ee,p_own_1823,manager_chat_open,2026-07-29 19:10:26.000000000,start=p_own_1823,deterministic,1,synthetic
145,3f7be82188679e51,p_own_1823,bot_start,2026-07-29 19:20:19.971882100,start=p_own_1823,deterministic,0,synthetic
146,b57abb81fe084170,p_own_1823,bot_start,2026-07-29 19:32:58.790291426,start=p_own_1823,deterministic,0,synthetic
147,748fa4f2b70671f7,p_own_1823,manager_chat_open,2026-07-29 19:44:36.338542249,start=p_own_1823,deterministic,0,synthetic
148,943915fbeecf6243,p_own_1823,bot_start,2026-07-29 21:24:26.192988089,start=p_own_1823,deterministic,0,synthetic
149,44541e8b1b729c01,p_own_1823,manager_chat_open,2026-07-29 21:34:21.107161468,start=p_own_1823,deterministic,0,synthetic
150,d54155e50bc8e90a,p_own_1823,promo_code_used,2026-07-29 22:58:24.727485186,start=p_own_1823,deterministic,0,synthetic
151,323e6500118e2c82,p_own_1812,bot_start,2026-07-30 00:45:10.882394342,start=p_own_1812,deterministic,0,synthetic
152,525f30f6dc029b16,p_own_1823,bot_start,2026-07-30 01:14:01.461789865,start=p_own_1823,deterministic,0,synthetic
153,f38c0a22695d49c4,p_own_1823,bot_start,2026-07-30 01:32:02.157822184,start=p_own_1823,deterministic,0,synthetic
154,7d6cac10d9df2820,p_own_1823,bot_start,2026-07-30 01:42:57.008175576,start=p_own_1823,deterministic,0,synthetic
155,433955d40d28d345,p_own_1823,promo_code_used,2026-07-30 02:44:11.409431610,start=p_own_1823,deterministic,0,synthetic
156,0a7d2cfb23095651,p_own_1823,bot_start,2026-07-30 03:33:08.147734940,start=p_own_1823,deterministic,0,synthetic
157,3c55d6db4b34ceb6,p_own_1823,manager_chat_open,2026-07-30 07:58:50.704871865,start=p_own_1823,deterministic,0,synthetic
158,b69fe95b1ed41c9c,p_own_1823,bot_start,2026-07-30 08:02:40.112777367,start=p_own_1823,deterministic,0,synthetic
159,fa8bb2fa9933b363,p_own_1823,manager_chat_open,2026-07-30 08:10:35.773905338,start=p_own_1823,deterministic,0,synthetic
160,dc27758679432920,p_own_1823,bot_start,2026-07-30 09:17:54.913113323,start=p_own_1823,deterministic,0,synthetic
161,9a478d9c299fc438,p_own_1823,bot_start,2026-07-30 09:59:25.145175714,start=p_own_1823,deterministic,0,synthetic
162,3d8e6a7d62f26af4,p_own_1823,bot_start,2026-07-30 10:13:24.591638958,start=p_own_1823,deterministic,0,synthetic
163,be30a2ec0ca13ecd,p_own_1823,bot_start,2026-07-30 10:47:33.374197856,start=p_own_1823,deterministic,0,synthetic
164,4878349a1789d706,p_own_1812,manager_chat_open,2026-07-30 11:53:50.787081779,start=p_own_1812,deterministic,1,synthetic
165,622c114aa7e3b448,p_own_1823,manager_chat_open,2026-07-30 14:03:01.400763323,start=p_own_1823,deterministic,0,synthetic
166,22903ef75d610a2a,p_own_1823,bot_start,2026-07-30 14:04:30.758489075,start=p_own_1823,deterministic,0,synthetic
167,fe9fd062f0f756d9,p_own_1823,bot_start,2026-07-30 16:45:23.094333663,start=p_own_1823,deterministic,0,synthetic
168,50dfebed03485485,p_own_1823,manager_chat_open,2026-07-30 17:38:32.966553478,start=p_own_1823,deterministic,0,synthetic
169,720c2dcc0d8d8451,p_own_1823,bot_start,2026-07-30 17:58:26.034612721,start=p_own_1823,deterministic,0,synthetic
170,237b59a6243e1bff,p_own_1823,bot_start,2026-07-30 18:39:05.550017246,start=p_own_1823,deterministic,0,synthetic
171,479d77acc400408f,p_own_1824,manager_chat_open,2026-07-30 19:10:25.000000000,start=p_own_1824,deterministic,1,synthetic
172,c7758c7acb96d478,p_own_1824,manager_chat_open,2026-07-30 19:10:25.000000000,start=p_own_1824,deterministic,1,synthetic
173,d113a8042bf1c1f8,p_own_1824,bot_start,2026-07-30 19:10:25.000000000,start=p_own_1824,deterministic,1,synthetic
174,49fc94bd6032e48f,p_own_1824,manager_chat_open,2026-07-30 19:10:25.000000000,start=p_own_1824,deterministic,1,synthetic
175,ec607725db3a927e,p_own_1824,bot_start,2026-07-30 19:25:06.275582345,start=p_own_1824,deterministic,0,synthetic
176,af06b697c760aed0,p_own_1824,bot_start,2026-07-30 19:47:23.484131370,start=p_own_1824,deterministic,0,synthetic
177,64bdab4f9daedc20,p_own_1824,manager_chat_open,2026-07-30 20:38:16.736777653,start=p_own_1824,deterministic,0,synthetic
178,04e2a2503821a5f9,p_own_1824,bot_start,2026-07-30 20:38:38.922372807,start=p_own_1824,deterministic,0,synthetic
179,7b6df558bb64e8ac,p_own_1823,bot_start,2026-07-30 21:52:47.870846727,start=p_own_1823,deterministic,0,synthetic
180,faaefbdc96fb0278,p_own_1824,bot_start,2026-07-30 23:51:53.597678571,start=p_own_1824,deterministic,0,synthetic
181,500ca66840cdfe6b,p_own_1824,promo_code_used,2026-07-31 00:46:49.846824578,start=p_own_1824,deterministic,0,synthetic
182,379e40110985e283,p_own_1823,bot_start,2026-07-31 03:43:09.651432335,start=p_own_1823,deterministic,0,synthetic
183,8cdd3c5ef4c740d5,p_own_1824,manager_chat_open,2026-07-31 04:43:38.337825162,start=p_own_1824,deterministic,0,synthetic
184,593b42ce9d0a00c7,p_own_1823,bot_start,2026-07-31 06:28:38.576704851,start=p_own_1823,deterministic,0,synthetic
185,352d8c227ce9a3f3,p_own_1824,manager_chat_open,2026-07-31 09:05:23.298712633,start=p_own_1824,deterministic,0,synthetic
186,db8f12c1f240ded3,p_own_1823,manager_chat_open,2026-07-31 09:51:00.631020375,start=p_own_1823,deterministic,0,synthetic
187,ebeb61372d04a1af,p_own_1823,bot_start,2026-07-31 09:51:47.114562426,start=p_own_1823,deterministic,0,synthetic
188,6edd2a2bf506e42f,p_own_1824,bot_start,2026-07-31 10:25:11.092595443,start=p_own_1824,deterministic,0,synthetic
189,1912aa4248a31c08,p_own_1824,bot_start,2026-07-31 10:35:48.961083672,start=p_own_1824,deterministic,0,synthetic
190,e6fa4bd87563ce7a,p_own_1824,bot_start,2026-07-31 10:42:10.511200135,start=p_own_1824,deterministic,0,synthetic
191,7789a805ee6d9120,p_own_1823,manager_chat_open,2026-07-31 10:48:54.556336283,start=p_own_1823,deterministic,0,synthetic
192,0b40aa41a48c2d3b,p_own_1823,manager_chat_open,2026-07-31 10:50:24.183519267,start=p_own_1823,deterministic,0,synthetic
193,f633dd9241b87fc5,p_own_1824,bot_start,2026-07-31 12:04:14.413913218,start=p_own_1824,deterministic,0,synthetic
194,a579e9c7fcca7a90,p_own_1824,bot_start,2026-07-31 12:39:24.832963961,start=p_own_1824,deterministic,0,synthetic
195,9ec59771d994a3ca,p_own_1824,manager_chat_open,2026-07-31 13:14:08.327174112,start=p_own_1824,deterministic,0,synthetic
196,775e9d124d504e4d,p_own_1824,manager_chat_open,2026-07-31 14:49:40.631108781,start=p_own_1824,deterministic,0,synthetic
197,54e4281d60ab1496,p_own_1824,bot_start,2026-07-31 16:39:40.702770274,start=p_own_1824,deterministic,0,synthetic
198,d7c90a6242458a33,p_own_1824,bot_start,2026-07-31 16:52:24.160495079,start=p_own_1824,deterministic,0,synthetic
199,5c4d1d6079902cd3,p_own_1815,manager_chat_open,2026-07-31 16:53:00.586321544,start=p_own_1815,deterministic,1,synthetic
200,da34b9e8324aafbf,p_own_1823,bot_start,2026-07-31 18:14:47.299179439,start=p_own_1823,deterministic,0,synthetic
201,1b6385f8683ab825,p_own_1824,manager_chat_open,2026-07-31 18:25:40.536763745,start=p_own_1824,deterministic,0,synthetic
202,74e92cea09c8dc51,p_own_1824,bot_start,2026-07-31 18:30:07.551909981,start=p_own_1824,deterministic,0,synthetic
203,63cb97c095e375ec,p_own_1815,manager_chat_open,2026-07-31 18:36:11.094707971,start=p_own_1815,deterministic,0,synthetic
204,fb56a48a4463bca3,p_own_1824,promo_code_used,2026-07-31 18:41:57.633653657,start=p_own_1824,deterministic,0,synthetic
205,fddd86b89bd3249c,p_own_1824,bot_start,2026-07-31 18:51:14.151945580,start=p_own_1824,deterministic,0,synthetic
206,5c67eb18e52b4bd0,p_own_1824,bot_start,2026-07-31 19:49:01.416878074,start=p_own_1824,deterministic,0,synthetic
207,6935cfbbdd90731a,p_own_1824,promo_code_used,2026-07-31 21:15:46.410494509,start=p_own_1824,deterministic,0,synthetic
208,8ae3add9f1168541,p_own_1823,bot_start,2026-07-31 22:33:16.938228306,start=p_own_1823,deterministic,0,synthetic
209,59a75ef6f2b93249,p_own_1823,bot_start,2026-07-31 23:58:15.769910393,start=p_own_1823,deterministic,0,synthetic
210,14e00b2a90d9c43c,p_own_1824,manager_chat_open,2026-08-01 00:09:24.116454751,start=p_own_1824,deterministic,0,synthetic
211,fb91c91f54c2ed19,p_own_1824,bot_start,2026-08-01 00:34:33.482703674,start=p_own_1824,deterministic,0,synthetic
212,1bed4ec3317afdf5,p_own_1824,manager_chat_open,2026-08-01 01:14:14.349593800,start=p_own_1824,deterministic,0,synthetic
213,4d6cb56d51fcfee4,p_own_1824,bot_start,2026-08-01 01:24:48.959324840,start=p_own_1824,deterministic,0,synthetic
214,b886c9f4af62fd24,p_own_1823,manager_chat_open,2026-08-01 02:20:26.845648117,start=p_own_1823,deterministic,0,synthetic
215,f86723baf0f0b86f,p_own_1824,bot_start,2026-08-01 02:23:56.334358116,start=p_own_1824,deterministic,0,synthetic
216,31a3cf3f1d5521ba,p_own_1824,bot_start,2026-08-01 04:09:41.670719045,start=p_own_1824,deterministic,0,synthetic
217,63bb1d3d42c9df3e,p_own_1823,bot_start,2026-08-01 04:42:46.831862274,start=p_own_1823,deterministic,0,synthetic
218,36545bf0ab625a70,p_own_1824,bot_start,2026-08-01 04:52:30.225551989,start=p_own_1824,deterministic,0,synthetic
219,3969bfb43366176e,p_own_1824,manager_chat_open,2026-08-01 07:32:48.504808690,start=p_own_1824,deterministic,0,synthetic
220,a01dc46057127d08,p_own_1823,bot_start,2026-08-01 12:13:18.097045929,start=p_own_1823,deterministic,0,synthetic
221,8f24d120d9349d5f,p_own_1823,bot_start,2026-08-01 15:34:23.028326070,start=p_own_1823,deterministic,0,synthetic
222,2002e1d28cc74cbf,p_own_1824,bot_start,2026-08-01 16:04:27.556385988,start=p_own_1824,deterministic,0,synthetic
223,a872f8c69248063a,p_own_1824,bot_start,2026-08-01 16:37:11.082373912,start=p_own_1824,deterministic,0,synthetic
224,b855266b3f64af1e,p_own_1824,manager_chat_open,2026-08-01 18:35:13.256056971,start=p_own_1824,deterministic,0,synthetic
225,82231d46bf875da2,p_own_1823,manager_chat_open,2026-08-01 23:46:27.215746009,start=p_own_1823,deterministic,1,synthetic
226,cd0bb140e05a3818,p_own_1809,manager_chat_open,2026-08-01 23:51:40.920912813,start=p_own_1809,deterministic,1,synthetic
227,dc08199f55742429,p_own_1824,bot_start,2026-08-02 01:53:14.869980104,start=p_own_1824,deterministic,0,synthetic
228,ea4f49259f980729,p_own_1823,promo_code_used,2026-08-02 02:04:12.064507141,start=p_own_1823,deterministic,0,synthetic
229,70eeb0fda04fd8d2,p_own_1823,manager_chat_open,2026-08-02 08:30:56.267217583,start=p_own_1823,deterministic,0,synthetic
230,ad89ebbb1e671a3a,p_own_1824,manager_chat_open,2026-08-02 09:47:52.648873158,start=p_own_1824,deterministic,0,synthetic
231,56b6e7dc5917e90a,p_own_1824,bot_start,2026-08-02 10:28:25.454084225,start=p_own_1824,deterministic,0,synthetic
232,cabb5a08c4303d1d,p_own_1827,manager_chat_open,2026-08-02 11:56:49.000000000,start=p_own_1827,deterministic,1,synthetic
233,cc4227dd347f6a32,p_own_1827,bot_start,2026-08-02 11:56:49.000000000,start=p_own_1827,deterministic,1,synthetic
234,510292d3d3330c35,p_own_1827,bot_start,2026-08-02 11:56:49.000000000,start=p_own_1827,deterministic,1,synthetic
235,02fc90c860712e7d,p_own_1827,manager_chat_open,2026-08-02 11:56:49.000000000,start=p_own_1827,deterministic,1,synthetic
236,ed41dbe12b8d10d4,p_own_1827,manager_chat_open,2026-08-02 11:56:49.000000000,start=p_own_1827,deterministic,1,synthetic
237,0f743289c42c486a,p_own_1827,bot_start,2026-08-02 11:56:49.000000000,start=p_own_1827,deterministic,1,synthetic
238,57dcfdb0f76b9336,p_own_1827,bot_start,2026-08-02 11:56:49.000000000,start=p_own_1827,deterministic,1,synthetic
239,dd2098160bdd8aca,p_own_1827,bot_start,2026-08-02 11:56:49.000000000,start=p_own_1827,deterministic,1,synthetic
240,522a26b543d1a405,p_own_1827,bot_start,2026-08-02 11:56:49.000000000,start=p_own_1827,deterministic,1,synthetic
241,96d8ebbea13fc29a,p_own_1827,promo_code_used,2026-08-02 11:56:49.000000000,start=p_own_1827,deterministic,1,synthetic
242,296cde7997c073f2,p_own_1827,promo_code_used,2026-08-02 11:56:49.000000000,start=p_own_1827,deterministic,1,synthetic
243,7d68b17a28fc2435,p_own_1827,manager_chat_open,2026-08-02 11:56:49.000000000,start=p_own_1827,deterministic,1,synthetic
244,c7758c7acb96d478,p_own_1827,bot_start,2026-08-02 11:56:49.000000000,start=p_own_1827,deterministic,1,synthetic
245,807acdf7e2453db4,p_own_1827,bot_start,2026-08-02 11:56:49.000000000,start=p_own_1827,deterministic,1,synthetic
246,b18252a959d6ed59,p_own_1827,bot_start,2026-08-02 11:56:49.000000000,start=p_own_1827,deterministic,1,synthetic
247,e76f2206d37ab6c2,p_own_1827,bot_start,2026-08-02 12:54:52.393552631,start=p_own_1827,deterministic,0,synthetic
248,215ed9c76b565f76,p_own_1827,bot_start,2026-08-02 13:01:25.697099485,start=p_own_1827,deterministic,0,synthetic
249,12927647a45eb4cf,p_own_1827,bot_start,2026-08-02 13:26:33.780958683,start=p_own_1827,deterministic,0,synthetic
250,bf0ffad7403a5712,p_own_1827,manager_chat_open,2026-08-02 13:44:30.328359476,start=p_own_1827,deterministic,0,synthetic
251,e5f51f202452d0e1,p_own_1823,manager_chat_open,2026-08-02 14:05:53.348715577,start=p_own_1823,deterministic,1,synthetic
252,daeae848a521b4ae,p_own_1827,manager_chat_open,2026-08-02 14:21:46.922909010,start=p_own_1827,deterministic,0,synthetic
253,8ebc486965843ba1,p_own_1827,bot_start,2026-08-02 14:34:53.890914364,start=p_own_1827,deterministic,0,synthetic
254,e5f51f202452d0e1,p_own_1827,manager_chat_open,2026-08-02 15:18:19.157731587,start=p_own_1827,deterministic,1,synthetic
255,b8ddf3b58708bace,p_own_1827,manager_chat_open,2026-08-02 16:41:32.395918205,start=p_own_1827,deterministic,0,synthetic
256,1bb39087b45fe8df,p_own_1827,manager_chat_open,2026-08-02 17:13:15.673409301,start=p_own_1827,deterministic,0,synthetic
257,b0215fa8a839a5ab,p_own_1827,manager_chat_open,2026-08-02 17:18:42.102984869,start=p_own_1827,deterministic,0,synthetic
258,e7f0a361c01f01c0,p_own_1827,bot_start,2026-08-02 17:23:53.693082459,start=p_own_1827,deterministic,0,synthetic
259,53cfff2b642bcb41,p_own_1827,bot_start,2026-08-02 18:12:26.999415480,start=p_own_1827,deterministic,0,synthetic
260,9add0bf387b3f3e5,p_own_1827,manager_chat_open,2026-08-02 18:17:41.892788145,start=p_own_1827,deterministic,0,synthetic
261,c0b221e7c8640ae0,p_own_1827,manager_chat_open,2026-08-02 18:31:24.752931249,start=p_own_1827,deterministic,0,synthetic
262,cef60e32247ecf30,p_own_1827,promo_code_used,2026-08-02 20:03:42.161222687,start=p_own_1827,deterministic,0,synthetic
263,ab68af67f7f29fbd,p_own_1827,manager_chat_open,2026-08-02 20:23:29.315725605,start=p_own_1827,deterministic,0,synthetic
264,4b556c7b0fd3af1e,p_own_1827,bot_start,2026-08-02 22:13:11.240681887,start=p_own_1827,deterministic,0,synthetic
265,853116f8c8cadd02,p_own_1827,manager_chat_open,2026-08-02 22:35:16.123393784,start=p_own_1827,deterministic,0,synthetic
266,b4e257f95073e5f1,p_own_1827,bot_start,2026-08-02 23:27:59.616564904,start=p_own_1827,deterministic,0,synthetic
267,3500ad2be7e8980f,p_own_1827,manager_chat_open,2026-08-03 00:42:22.466858346,start=p_own_1827,deterministic,1,synthetic
268,5d7b6d5c67003620,p_own_1827,manager_chat_open,2026-08-03 00:48:26.409101293,start=p_own_1827,deterministic,0,synthetic
269,c93d7dcf575c1b39,p_own_1827,bot_start,2026-08-03 01:33:13.325804991,start=p_own_1827,deterministic,0,synthetic
270,e9c4ee0980f21042,p_own_1827,manager_chat_open,2026-08-03 02:13:24.247001537,start=p_own_1827,deterministic,1,synthetic
271,6a059b127f14e15d,p_own_1827,manager_chat_open,2026-08-03 02:19:23.565387088,start=p_own_1827,deterministic,0,synthetic
272,00adeefc37994883,p_own_1827,manager_chat_open,2026-08-03 02:44:17.076172064,start=p_own_1827,deterministic,0,synthetic
273,8b81029ed36f0003,p_own_1827,manager_chat_open,2026-08-03 03:20:50.156907385,start=p_own_1827,deterministic,0,synthetic
274,657676e1b460a5a8,p_own_1827,manager_chat_open,2026-08-03 04:15:01.217822700,start=p_own_1827,deterministic,0,synthetic
275,120dc8bc549910f7,p_own_1827,promo_code_used,2026-08-03 05:04:20.371481173,start=p_own_1827,deterministic,0,synthetic
276,a6f09bb145172a40,p_own_1827,manager_chat_open,2026-08-03 05:41:12.536213547,start=p_own_1827,deterministic,0,synthetic
277,c97f7fb34c024ce3,p_own_1827,bot_start,2026-08-03 05:57:50.629528647,start=p_own_1827,deterministic,0,synthetic
278,dd92c3547d57b877,p_own_1827,bot_start,2026-08-03 09:00:58.928936894,start=p_own_1827,deterministic,1,synthetic
279,0888660127f9bc12,p_own_1827,promo_code_used,2026-08-03 10:25:34.337326554,start=p_own_1827,deterministic,0,synthetic
280,6ddeb446e1f82aa5,p_own_1827,manager_chat_open,2026-08-03 11:30:26.148734586,start=p_own_1827,deterministic,0,synthetic
281,7d68b17a28fc2435,p_own_1815,manager_chat_open,2026-08-03 13:25:14.179590899,start=p_own_1815,deterministic,1,synthetic
282,ae7ad48ef1c2e73b,p_own_1827,bot_start,2026-08-03 14:19:34.318192717,start=p_own_1827,deterministic,0,synthetic
283,c49d6983a08fd83f,p_own_1827,manager_chat_open,2026-08-03 14:25:33.429140325,start=p_own_1827,deterministic,0,synthetic
284,9f00abed5fda15b9,p_own_1827,bot_start,2026-08-03 14:47:27.674905658,start=p_own_1827,deterministic,0,synthetic
285,9cf54ce9e9f686d9,p_own_1827,bot_start,2026-08-03 15:40:47.530958828,start=p_own_1827,deterministic,0,synthetic
286,34dd5527f7d85539,p_own_1827,bot_start,2026-08-03 15:49:27.193471862,start=p_own_1827,deterministic,0,synthetic
287,bd1a3143c9ede913,p_own_1823,manager_chat_open,2026-08-03 16:08:09.854016153,start=p_own_1823,deterministic,0,synthetic
288,d05db4fc1ac53fd2,p_own_1827,manager_chat_open,2026-08-03 16:45:18.785107554,start=p_own_1827,deterministic,0,synthetic
289,e2542132cd470c2b,p_own_1827,manager_chat_open,2026-08-03 18:04:07.730399730,start=p_own_1827,deterministic,0,synthetic
290,7e3bb97d92f95789,p_own_1827,bot_start,2026-08-03 18:26:53.406772725,start=p_own_1827,deterministic,0,synthetic
291,23e2ba7abe101756,p_own_1827,bot_start,2026-08-03 19:53:02.691749497,start=p_own_1827,deterministic,1,synthetic
292,5772ebb636a917d1,p_own_1827,manager_chat_open,2026-08-03 21:01:24.241550119,start=p_own_1827,deterministic,0,synthetic
293,c3084c8b16387a38,p_own_1815,bot_start,2026-08-03 21:11:17.814613556,start=p_own_1815,deterministic,1,synthetic
294,ffa4c99dc9799e11,p_own_1827,bot_start,2026-08-03 23:02:16.693776247,start=p_own_1827,deterministic,0,synthetic
295,a0e69098e35682cc,p_own_1827,bot_start,2026-08-04 00:52:17.026917400,start=p_own_1827,deterministic,0,synthetic
296,2756a521db3fd18d,p_own_1827,promo_code_used,2026-08-04 01:06:05.327897499,start=p_own_1827,deterministic,0,synthetic
297,f35c9f16e5619d7a,p_own_1827,bot_start,2026-08-04 01:50:06.846878020,start=p_own_1827,deterministic,0,synthetic
298,25f3f04b35d9ebea,p_own_1827,promo_code_used,2026-08-04 02:19:47.652100413,start=p_own_1827,deterministic,1,synthetic
299,632559ac558bbba0,p_own_1809,promo_code_used,2026-08-04 04:34:19.784143745,start=p_own_1809,deterministic,1,synthetic
300,dcfc44b2961eb800,p_own_1827,manager_chat_open,2026-08-04 05:21:40.751036049,start=p_own_1827,deterministic,1,synthetic
301,56bb4c98fe7216dd,p_own_1827,bot_start,2026-08-04 05:54:19.697642844,start=p_own_1827,deterministic,0,synthetic
302,7f47869baa75118e,p_own_1827,bot_start,2026-08-04 06:05:41.457897626,start=p_own_1827,deterministic,0,synthetic
303,e5f51f202452d0e1,p_own_1827,manager_chat_open,2026-08-04 06:56:45.268916985,start=p_own_1827,deterministic,1,synthetic
304,a2a25a6266299883,p_own_1827,bot_start,2026-08-04 06:56:46.965430391,start=p_own_1827,deterministic,0,synthetic
305,def7be213e27a4ee,p_own_1824,manager_chat_open,2026-08-04 08:32:38.513378263,start=p_own_1824,deterministic,1,synthetic
306,cedfcba781e8b107,p_own_1827,bot_start,2026-08-04 11:41:34.448738976,start=p_own_1827,deterministic,0,synthetic
307,372a95e9f95be6cc,p_own_1827,bot_start,2026-08-04 12:31:22.135198220,start=p_own_1827,deterministic,0,synthetic
308,cd0bb140e05a3818,p_own_1827,bot_start,2026-08-04 12:53:13.655097093,start=p_own_1827,deterministic,1,synthetic
309,dd447dbc323660a1,p_own_1827,manager_chat_open,2026-08-04 15:59:56.019755928,start=p_own_1827,deterministic,0,synthetic
310,636841f8da72d2c3,p_own_1827,manager_chat_open,2026-08-04 17:54:57.036005144,start=p_own_1827,deterministic,0,synthetic
311,71c570966fab5349,p_own_1827,manager_chat_open,2026-08-04 19:10:14.299891542,start=p_own_1827,deterministic,0,synthetic
312,c7758c7acb96d478,p_own_1809,bot_start,2026-08-04 20:42:44.370581147,start=p_own_1809,deterministic,1,synthetic
313,60fe25e1ef425864,p_own_1827,manager_chat_open,2026-08-04 20:43:32.885769920,start=p_own_1827,deterministic,0,synthetic
314,8b816e67ef5ac353,p_own_1827,manager_chat_open,2026-08-04 22:11:27.626533490,start=p_own_1827,deterministic,1,synthetic
315,7d68b17a28fc2435,p_own_1824,bot_start,2026-08-05 04:48:45.105292188,start=p_own_1824,deterministic,1,synthetic
316,3af8e5933e4b677b,p_own_1827,manager_chat_open,2026-08-05 04:59:37.092589555,start=p_own_1827,deterministic,0,synthetic
317,62dc7b22819cd533,p_own_1827,promo_code_used,2026-08-05 08:53:46.721325021,start=p_own_1827,deterministic,1,synthetic
318,538d2d27009980fb,p_own_1824,bot_start,2026-08-05 11:08:59.619433045,start=p_own_1824,deterministic,1,synthetic
319,7af86eff6d27a46e,p_own_1827,manager_chat_open,2026-08-05 15:14:28.384097999,start=p_own_1827,deterministic,1,synthetic
320,42b97132358f6872,p_own_1827,bot_start,2026-08-05 20:47:55.761383440,start=p_own_1827,deterministic,0,synthetic
321,68fcb11a9d238092,p_own_1827,promo_code_used,2026-08-05 21:48:21.463216418,start=p_own_1827,deterministic,0,synthetic
322,25f3f04b35d9ebea,p_own_1823,bot_start,2026-08-06 01:28:10.135418435,start=p_own_1823,deterministic,1,synthetic
323,413397f84e30657f,p_own_1824,manager_chat_open,2026-08-06 04:42:40.110217060,start=p_own_1824,deterministic,1,synthetic
324,e9c4ee0980f21042,p_own_1812,bot_start,2026-08-06 07:38:50.388902924,start=p_own_1812,deterministic,1,synthetic
325,632559ac558bbba0,p_own_1824,bot_start,2026-08-06 07:52:13.964667258,start=p_own_1824,deterministic,1,synthetic
326,516a530e29542bb7,p_own_1827,promo_code_used,2026-08-06 08:56:32.039556269,start=p_own_1827,deterministic,0,synthetic
327,ff1da7a40068cf52,p_own_1824,manager_chat_open,2026-08-06 09:57:24.911210050,start=p_own_1824,deterministic,1,synthetic
328,481bf84963130edc,p_own_1824,manager_chat_open,2026-08-06 10:53:21.231484693,start=p_own_1824,deterministic,1,synthetic
329,fa6ccd0eb0d2367a,p_own_1827,manager_chat_open,2026-08-06 14:40:28.633826464,start=p_own_1827,deterministic,0,synthetic
330,c38bc7a7cffce6e1,p_own_1827,manager_chat_open,2026-08-06 15:52:15.548252971,start=p_own_1827,deterministic,1,synthetic
331,14e8f17f01b07058,p_own_1827,bot_start,2026-08-06 19:19:13.650627704,start=p_own_1827,deterministic,0,synthetic
332,846d08437d4ab122,p_own_1827,bot_start,2026-08-06 22:38:37.326760107,start=p_own_1827,deterministic,1,synthetic
333,c395b93c5311fb10,p_own_1827,bot_start,2026-08-07 06:40:19.524853721,start=p_own_1827,deterministic,0,synthetic
334,3555d3727e90d233,p_own_1824,bot_start,2026-08-07 07:25:43.752182889,start=p_own_1824,deterministic,1,synthetic
335,cd0bb140e05a3818,p_ext_it_jobs_0807,bot_start,2026-08-07 12:05:00.000000000,start=p_ext_it_jobs_0807,deterministic,1,synthetic
336,0c906293020e8ee0,p_ext_it_jobs_0807,bot_start,2026-08-07 12:05:00.000000000,start=p_ext_it_jobs_0807,deterministic,1,synthetic
337,807acdf7e2453db4,p_ext_it_jobs_0807,manager_chat_open,2026-08-07 12:05:00.000000000,start=p_ext_it_jobs_0807,deterministic,1,synthetic
338,75122d5f18bff26f,p_ext_it_jobs_0807,bot_start,2026-08-07 12:05:00.000000000,start=p_ext_it_jobs_0807,deterministic,1,synthetic
339,8c64e192926b10a2,p_ext_it_jobs_0807,bot_start,2026-08-07 12:05:00.000000000,start=p_ext_it_jobs_0807,deterministic,1,synthetic
340,116f80402dd251d8,p_ext_it_jobs_0807,bot_start,2026-08-07 12:05:00.000000000,start=p_ext_it_jobs_0807,deterministic,1,synthetic
341,4dcf2f67f22a9dfd,p_ext_it_jobs_0807,bot_start,2026-08-07 12:05:00.000000000,start=p_ext_it_jobs_0807,deterministic,1,synthetic
342,10e2627dbe18dd23,p_ext_it_jobs_0807,bot_start,2026-08-07 12:05:00.000000000,start=p_ext_it_jobs_0807,deterministic,1,synthetic
343,21443320be2c7880,p_ext_it_jobs_0807,bot_start,2026-08-07 12:05:00.000000000,start=p_ext_it_jobs_0807,deterministic,1,synthetic
344,516bec06fd1cb4af,p_ext_it_jobs_0807,manager_chat_open,2026-08-07 12:05:00.000000000,start=p_ext_it_jobs_0807,deterministic,1,synthetic
345,39225ca1d5a04973,p_ext_it_jobs_0807,manager_chat_open,2026-08-07 12:05:00.000000000,start=p_ext_it_jobs_0807,deterministic,1,synthetic
346,fd105434c6e338aa,p_ext_it_jobs_0807,promo_code_used,2026-08-07 12:05:00.000000000,start=p_ext_it_jobs_0807,deterministic,1,synthetic
347,e5b6a84f90cdc5d0,p_ext_it_jobs_0807,bot_start,2026-08-07 12:05:00.000000000,start=p_ext_it_jobs_0807,deterministic,1,synthetic
348,522a26b543d1a405,p_ext_it_jobs_0807,manager_chat_open,2026-08-07 12:05:00.000000000,start=p_ext_it_jobs_0807,deterministic,1,synthetic
349,96d8ebbea13fc29a,p_ext_it_jobs_0807,bot_start,2026-08-07 12:05:00.000000000,start=p_ext_it_jobs_0807,deterministic,1,synthetic
350,87cbf2b8dae8ebe6,p_own_1827,bot_start,2026-08-07 12:05:39.010903371,start=p_own_1827,deterministic,0,synthetic
351,667050182cd04e84,p_ext_it_jobs_0807,bot_start,2026-08-07 12:06:32.382855622,start=p_ext_it_jobs_0807,deterministic,0,synthetic
352,d2ee53451c34f218,p_ext_it_jobs_0807,bot_start,2026-08-07 12:21:35.327475992,start=p_ext_it_jobs_0807,deterministic,0,synthetic
353,92bb88001e5f6e97,p_ext_it_jobs_0807,manager_chat_open,2026-08-07 13:29:36.198381852,start=p_ext_it_jobs_0807,deterministic,0,synthetic
354,8e00edac616d5c5f,p_ext_it_jobs_0807,bot_start,2026-08-07 14:16:12.795032947,start=p_ext_it_jobs_0807,deterministic,0,synthetic
355,ce05eabab1e9bcf5,p_ext_it_jobs_0807,bot_start,2026-08-07 14:29:07.189826917,start=p_ext_it_jobs_0807,deterministic,0,synthetic
356,1f4c5f1c46108ec0,p_ext_it_jobs_0807,bot_start,2026-08-07 15:30:54.838931526,start=p_ext_it_jobs_0807,deterministic,0,synthetic
357,e0565546b34edcad,p_ext_it_jobs_0807,bot_start,2026-08-07 16:40:34.157055284,start=p_ext_it_jobs_0807,deterministic,0,synthetic
358,4878349a1789d706,p_own_1833,manager_chat_open,2026-08-07 17:27:16.000000000,start=p_own_1833,deterministic,1,synthetic
359,aaec5ad6fba15505,p_own_1833,bot_start,2026-08-07 17:27:16.000000000,start=p_own_1833,deterministic,1,synthetic
360,5d8a1fbb13baf3be,p_own_1833,bot_start,2026-08-07 17:27:16.000000000,start=p_own_1833,deterministic,1,synthetic
361,3555d3727e90d233,p_own_1833,manager_chat_open,2026-08-07 17:27:16.000000000,start=p_own_1833,deterministic,1,synthetic
362,75122d5f18bff26f,p_own_1833,promo_code_used,2026-08-07 17:27:16.000000000,start=p_own_1833,deterministic,1,synthetic
363,5e13914bb86bbddc,p_own_1833,promo_code_used,2026-08-07 17:27:16.000000000,start=p_own_1833,deterministic,1,synthetic
364,e4c446f2543ce116,p_own_1833,manager_chat_open,2026-08-07 17:27:16.000000000,start=p_own_1833,deterministic,1,synthetic
365,e5b6a84f90cdc5d0,p_own_1833,bot_start,2026-08-07 17:27:16.000000000,start=p_own_1833,deterministic,1,synthetic
366,49fc94bd6032e48f,p_own_1833,manager_chat_open,2026-08-07 17:27:16.000000000,start=p_own_1833,deterministic,1,synthetic
367,d56d387c4c7d3a05,p_own_1833,bot_start,2026-08-07 17:27:16.000000000,start=p_own_1833,deterministic,1,synthetic
368,9a1b838b0a96d369,p_own_1833,bot_start,2026-08-07 17:27:16.000000000,start=p_own_1833,deterministic,1,synthetic
369,a1973d0e3d33097a,p_own_1833,manager_chat_open,2026-08-07 17:27:16.000000000,start=p_own_1833,deterministic,1,synthetic
370,af7703286c48c43b,p_own_1833,manager_chat_open,2026-08-07 17:27:16.000000000,start=p_own_1833,deterministic,1,synthetic
371,479d77acc400408f,p_own_1833,bot_start,2026-08-07 17:27:16.000000000,start=p_own_1833,deterministic,1,synthetic
372,69ab0b51f9e99f28,p_own_1833,bot_start,2026-08-07 17:27:16.000000000,start=p_own_1833,deterministic,1,synthetic
373,2373ac3c8952d4a2,p_own_1833,bot_start,2026-08-07 17:27:16.000000000,start=p_own_1833,deterministic,1,synthetic
374,27aaac5324d6d3e0,p_own_1833,manager_chat_open,2026-08-07 17:27:16.000000000,start=p_own_1833,deterministic,1,synthetic
375,02fc90c860712e7d,p_own_1833,bot_start,2026-08-07 17:27:16.000000000,start=p_own_1833,deterministic,1,synthetic
376,1b662384c10ab275,p_own_1833,bot_start,2026-08-07 17:27:16.000000000,start=p_own_1833,deterministic,1,synthetic
377,d113a8042bf1c1f8,p_own_1833,promo_code_used,2026-08-07 17:27:16.000000000,start=p_own_1833,deterministic,1,synthetic
378,b290cb4b78ec9967,p_ext_it_jobs_0807,manager_chat_open,2026-08-07 17:36:06.117619682,start=p_ext_it_jobs_0807,deterministic,0,synthetic
379,4e991ea53c73964e,p_ext_it_jobs_0807,bot_start,2026-08-07 18:01:32.341957603,start=p_ext_it_jobs_0807,deterministic,0,synthetic
380,cabb5a08c4303d1d,p_own_1833,manager_chat_open,2026-08-07 18:06:59.286744408,start=p_own_1833,deterministic,1,synthetic
381,35573d53f2d30094,p_own_1824,manager_chat_open,2026-08-07 18:21:13.318619119,start=p_own_1824,deterministic,1,synthetic
382,5995124c1fd87bc0,p_ext_it_jobs_0807,promo_code_used,2026-08-07 19:42:20.153145185,start=p_ext_it_jobs_0807,deterministic,0,synthetic
383,dd0303794f1c3801,p_own_1833,bot_start,2026-08-07 19:54:07.186222555,start=p_own_1833,deterministic,1,synthetic
384,5c61158b883256de,p_own_1833,manager_chat_open,2026-08-07 20:18:02.491688696,start=p_own_1833,deterministic,1,synthetic
385,4c48184d019a28b7,p_own_1833,bot_start,2026-08-07 21:01:02.897529544,start=p_own_1833,deterministic,0,synthetic
386,d56d387c4c7d3a05,p_own_1827,promo_code_used,2026-08-07 21:39:50.340890564,start=p_own_1827,deterministic,1,synthetic
387,70f6f30109eab7cd,p_own_1833,manager_chat_open,2026-08-07 22:13:31.936450938,start=p_own_1833,deterministic,0,synthetic
388,504f88a1369b1055,p_ext_it_jobs_0807,bot_start,2026-08-08 00:35:04.172024872,start=p_ext_it_jobs_0807,deterministic,0,synthetic
389,adb822c4fe7bbca7,p_own_1833,bot_start,2026-08-08 00:36:41.510979625,start=p_own_1833,deterministic,0,synthetic
390,a4c6b8e6310ab044,p_ext_it_jobs_0807,bot_start,2026-08-08 01:10:13.742117362,start=p_ext_it_jobs_0807,deterministic,0,synthetic
391,1cc5e8eb5e508965,p_ext_it_jobs_0807,bot_start,2026-08-08 01:45:19.929619342,start=p_ext_it_jobs_0807,deterministic,0,synthetic
392,9dd8c317377246bf,p_ext_it_jobs_0807,manager_chat_open,2026-08-08 01:47:03.324028890,start=p_ext_it_jobs_0807,deterministic,0,synthetic
393,7d29a2680b72878e,p_ext_it_jobs_0807,manager_chat_open,2026-08-08 02:13:17.253780372,start=p_ext_it_jobs_0807,deterministic,1,synthetic
394,272dc532da2d7395,p_own_1833,bot_start,2026-08-08 02:16:23.497947737,start=p_own_1833,deterministic,0,synthetic
395,d327b833cd491151,p_ext_it_jobs_0807,manager_chat_open,2026-08-08 02:32:24.860212430,start=p_ext_it_jobs_0807,deterministic,1,synthetic
396,5d8c6fbffa15446d,p_own_1827,bot_start,2026-08-08 03:13:04.339846308,start=p_own_1827,deterministic,0,synthetic
397,dbb49d81cd465b88,p_ext_it_jobs_0807,bot_start,2026-08-08 03:20:38.026220336,start=p_ext_it_jobs_0807,deterministic,0,synthetic
398,4dcf2f67f22a9dfd,p_own_1833,bot_start,2026-08-08 03:32:26.191544553,start=p_own_1833,deterministic,1,synthetic
399,a1fbf3413a745618,p_ext_it_jobs_0807,bot_start,2026-08-08 03:45:56.616004184,start=p_ext_it_jobs_0807,deterministic,0,synthetic
400,a47cbac7a442380b,p_own_1824,promo_code_used,2026-08-08 04:22:14.511184789,start=p_own_1824,deterministic,1,synthetic
401,cb371437ef30dbab,p_own_1833,bot_start,2026-08-08 04:28:01.595256922,start=p_own_1833,deterministic,0,synthetic
402,c5fed532f730deba,p_own_1833,bot_start,2026-08-08 04:45:22.661183323,start=p_own_1833,deterministic,0,synthetic
403,f7f76f9e3246b0ef,p_own_1824,bot_start,2026-08-08 04:45:46.841295716,start=p_own_1824,deterministic,1,synthetic
404,ded94c9248de6097,p_own_1823,bot_start,2026-08-08 05:52:48.384772411,start=p_own_1823,deterministic,1,synthetic
405,9a1b838b0a96d369,p_own_1827,manager_chat_open,2026-08-08 06:00:40.763689520,start=p_own_1827,deterministic,1,synthetic
406,283a2031c0c2b520,p_ext_it_jobs_0807,bot_start,2026-08-08 06:09:21.486768393,start=p_ext_it_jobs_0807,deterministic,0,synthetic
407,1c82906697dced4f,p_own_1833,bot_start,2026-08-08 06:39:40.177739149,start=p_own_1833,deterministic,0,synthetic
408,d80a2ac37149e676,p_ext_it_jobs_0807,promo_code_used,2026-08-08 07:15:26.425068633,start=p_ext_it_jobs_0807,deterministic,0,synthetic
409,296cde7997c073f2,p_ext_it_jobs_0807,bot_start,2026-08-08 07:31:22.564879773,start=p_ext_it_jobs_0807,deterministic,1,synthetic
410,484ebfa75207ed26,p_own_1827,bot_start,2026-08-08 07:44:25.943063854,start=p_own_1827,deterministic,1,synthetic
411,1589f2eb063af816,p_own_1833,manager_chat_open,2026-08-08 08:11:05.895589175,start=p_own_1833,deterministic,0,synthetic
412,a156b2c3844f7863,p_ext_it_jobs_0807,bot_start,2026-08-08 08:29:43.319327884,start=p_ext_it_jobs_0807,deterministic,0,synthetic
413,21443320be2c7880,p_own_1827,bot_start,2026-08-08 09:01:19.463910109,start=p_own_1827,deterministic,1,synthetic
414,323f6fc0950bf5db,p_own_1833,bot_start,2026-08-08 09:09:56.480255788,start=p_own_1833,deterministic,0,synthetic
415,2b7218a97a62c491,p_own_1833,manager_chat_open,2026-08-08 09:10:33.725984031,start=p_own_1833,deterministic,1,synthetic
416,a3b1dfa41657a7d0,p_own_1827,bot_start,2026-08-08 09:52:42.761241709,start=p_own_1827,deterministic,1,synthetic
417,72fc82e9d6622376,p_own_1833,bot_start,2026-08-08 09:55:48.539653686,start=p_own_1833,deterministic,0,synthetic
418,b18252a959d6ed59,p_own_1833,bot_start,2026-08-08 10:10:54.331572878,start=p_own_1833,deterministic,1,synthetic
419,8713bc1bd3a8c63a,p_ext_it_jobs_0807,bot_start,2026-08-08 10:15:18.108425212,start=p_ext_it_jobs_0807,deterministic,0,synthetic
420,69a2eebf075df2df,p_ext_ds_memes_0808,manager_chat_open,2026-08-08 11:05:00.000000000,start=p_ext_ds_memes_0808,deterministic,1,synthetic
421,484ebfa75207ed26,p_ext_ds_memes_0808,bot_start,2026-08-08 11:05:00.000000000,start=p_ext_ds_memes_0808,deterministic,1,synthetic
422,10e2627dbe18dd23,p_ext_ds_memes_0808,bot_start,2026-08-08 11:05:00.000000000,start=p_ext_ds_memes_0808,deterministic,1,synthetic
423,aaec5ad6fba15505,p_ext_ds_memes_0808,manager_chat_open,2026-08-08 11:05:00.000000000,start=p_ext_ds_memes_0808,deterministic,1,synthetic
424,69ab0b51f9e99f28,p_ext_ds_memes_0808,promo_code_used,2026-08-08 11:05:00.000000000,start=p_ext_ds_memes_0808,deterministic,1,synthetic
425,e5b6a84f90cdc5d0,p_ext_ds_memes_0808,bot_start,2026-08-08 11:05:00.000000000,start=p_ext_ds_memes_0808,deterministic,1,synthetic
426,4878349a1789d706,p_ext_ds_memes_0808,manager_chat_open,2026-08-08 11:05:00.000000000,start=p_ext_ds_memes_0808,deterministic,1,synthetic
427,87458a6a0792f8bd,p_ext_ds_memes_0808,bot_start,2026-08-08 11:05:00.000000000,start=p_ext_ds_memes_0808,deterministic,1,synthetic
428,04c5053f8a8ee30f,p_ext_ds_memes_0808,bot_start,2026-08-08 11:05:00.000000000,start=p_ext_ds_memes_0808,deterministic,1,synthetic
429,26c61f17724a1eaf,p_ext_ds_memes_0808,bot_start,2026-08-08 11:05:00.000000000,start=p_ext_ds_memes_0808,deterministic,1,synthetic
430,4dcf2f67f22a9dfd,p_ext_ds_memes_0808,bot_start,2026-08-08 11:05:00.000000000,start=p_ext_ds_memes_0808,deterministic,1,synthetic
431,63a1ad1f5b6c4d29,p_ext_ds_memes_0808,manager_chat_open,2026-08-08 11:05:00.000000000,start=p_ext_ds_memes_0808,deterministic,1,synthetic
432,903fba89adb25192,p_ext_ds_memes_0808,promo_code_used,2026-08-08 11:05:00.000000000,start=p_ext_ds_memes_0808,deterministic,1,synthetic
433,a0d0ba4dc365d060,p_ext_ds_memes_0808,bot_start,2026-08-08 11:05:00.000000000,start=p_ext_ds_memes_0808,deterministic,1,synthetic
434,969f9ead6b015665,p_ext_ds_memes_0808,manager_chat_open,2026-08-08 11:05:00.000000000,start=p_ext_ds_memes_0808,deterministic,1,synthetic
435,2a2243f2149e2a91,p_ext_ds_memes_0808,manager_chat_open,2026-08-08 11:05:00.000000000,start=p_ext_ds_memes_0808,deterministic,1,synthetic
436,b5291432b5f8c10c,p_ext_ds_memes_0808,bot_start,2026-08-08 11:05:00.000000000,start=p_ext_ds_memes_0808,deterministic,1,synthetic
437,bb76f15083fbb2b5,p_ext_ds_memes_0808,promo_code_used,2026-08-08 11:05:00.000000000,start=p_ext_ds_memes_0808,deterministic,1,synthetic
438,7909fe3864a378df,p_ext_ds_memes_0808,manager_chat_open,2026-08-08 11:05:00.000000000,start=p_ext_ds_memes_0808,deterministic,1,synthetic
439,3adebbfad6108c6f,p_ext_ds_memes_0808,bot_start,2026-08-08 11:05:00.000000000,start=p_ext_ds_memes_0808,deterministic,1,synthetic
440,a3b1dfa41657a7d0,p_ext_ds_memes_0808,bot_start,2026-08-08 11:05:00.000000000,start=p_ext_ds_memes_0808,deterministic,1,synthetic
441,96d8ebbea13fc29a,p_ext_ds_memes_0808,manager_chat_open,2026-08-08 11:05:00.000000000,start=p_ext_ds_memes_0808,deterministic,1,synthetic
442,479d77acc400408f,p_ext_ds_memes_0808,bot_start,2026-08-08 11:05:00.000000000,start=p_ext_ds_memes_0808,deterministic,1,synthetic
443,5d8a1fbb13baf3be,p_ext_ds_memes_0808,manager_chat_open,2026-08-08 11:05:00.000000000,start=p_ext_ds_memes_0808,deterministic,1,synthetic
444,7af86eff6d27a46e,p_ext_ds_memes_0808,manager_chat_open,2026-08-08 11:05:00.000000000,start=p_ext_ds_memes_0808,deterministic,1,synthetic
445,7101dac66fd7d66b,p_ext_ds_memes_0808,promo_code_used,2026-08-08 11:05:00.000000000,start=p_ext_ds_memes_0808,deterministic,1,synthetic
446,e4c446f2543ce116,p_ext_ds_memes_0808,bot_start,2026-08-08 11:05:00.000000000,start=p_ext_ds_memes_0808,deterministic,1,synthetic
447,ed41dbe12b8d10d4,p_ext_ds_memes_0808,bot_start,2026-08-08 11:05:00.000000000,start=p_ext_ds_memes_0808,deterministic,1,synthetic
448,289d82231a61aab4,p_ext_ds_memes_0808,bot_start,2026-08-08 11:12:02.124568110,start=p_ext_ds_memes_0808,deterministic,0,synthetic
449,e0f65ef303368d6a,p_own_1833,manager_chat_open,2026-08-08 11:15:31.837287038,start=p_own_1833,deterministic,0,synthetic
450,522a26b543d1a405,p_own_1833,bot_start,2026-08-08 11:24:53.547855348,start=p_own_1833,deterministic,1,synthetic
451,7101dac66fd7d66b,p_own_1815,promo_code_used,2026-08-08 11:31:52.970831676,start=p_own_1815,deterministic,1,synthetic
452,44e6316b185c2a09,p_own_1833,manager_chat_open,2026-08-08 11:40:55.971718172,start=p_own_1833,deterministic,0,synthetic
453,da89a812dd98b246,p_ext_ds_memes_0808,bot_start,2026-08-08 11:42:24.831405468,start=p_ext_ds_memes_0808,deterministic,0,synthetic
454,ff190ce821f883ac,p_own_1833,manager_chat_open,2026-08-08 12:01:41.107381606,start=p_own_1833,deterministic,1,synthetic
455,8abf8ed33c20c767,p_ext_ds_memes_0808,bot_start,2026-08-08 12:09:43.106156926,start=p_ext_ds_memes_0808,deterministic,0,synthetic
456,7de5cbe1700f5daa,p_own_1833,bot_start,2026-08-08 12:17:04.496450833,start=p_own_1833,deterministic,0,synthetic
457,8b7320bec398e0f9,p_ext_ds_memes_0808,bot_start,2026-08-08 12:21:10.155310528,start=p_ext_ds_memes_0808,deterministic,0,synthetic
458,75122d5f18bff26f,p_ext_ds_memes_0808,manager_chat_open,2026-08-08 12:39:46.869565354,start=p_ext_ds_memes_0808,deterministic,1,synthetic
459,ee02a75b70a1f74d,p_ext_it_jobs_0807,manager_chat_open,2026-08-08 12:43:53.985058020,start=p_ext_it_jobs_0807,deterministic,1,synthetic
460,1b87c1f3999634fa,p_ext_ds_memes_0808,bot_start,2026-08-08 12:44:33.502583412,start=p_ext_ds_memes_0808,deterministic,0,synthetic
461,a604dff8b5c716be,p_ext_ds_memes_0808,bot_start,2026-08-08 12:47:25.297215477,start=p_ext_ds_memes_0808,deterministic,0,synthetic
462,57dcfdb0f76b9336,p_ext_ds_memes_0808,manager_chat_open,2026-08-08 12:52:31.796105517,start=p_ext_ds_memes_0808,deterministic,1,synthetic
463,101e19f1a343f794,p_ext_ds_memes_0808,bot_start,2026-08-08 13:06:58.825545014,start=p_ext_ds_memes_0808,deterministic,0,synthetic
464,bb3959bf19cbc023,p_ext_ds_memes_0808,bot_start,2026-08-08 14:19:48.228332078,start=p_ext_ds_memes_0808,deterministic,0,synthetic
465,f0667d51ddcf1661,p_ext_it_jobs_0807,bot_start,2026-08-08 15:03:08.526741762,start=p_ext_it_jobs_0807,deterministic,0,synthetic
466,4f2db41842b1a69b,p_own_1833,bot_start,2026-08-08 15:38:49.458136371,start=p_own_1833,deterministic,1,synthetic
467,ad12bed6f61a7201,p_own_1824,promo_code_used,2026-08-08 16:02:14.264186350,start=p_own_1824,deterministic,1,synthetic
468,23e6189c146907bf,p_ext_ds_memes_0808,manager_chat_open,2026-08-08 16:19:13.035345678,start=p_ext_ds_memes_0808,deterministic,0,synthetic
469,496124105a28271b,p_ext_ds_memes_0808,promo_code_used,2026-08-08 16:19:51.591949756,start=p_ext_ds_memes_0808,deterministic,0,synthetic
470,835566ae3f602579,p_ext_ds_memes_0808,manager_chat_open,2026-08-08 16:51:01.987487584,start=p_ext_ds_memes_0808,deterministic,0,synthetic
471,d113a8042bf1c1f8,p_ext_ds_memes_0808,promo_code_used,2026-08-08 17:13:41.383993492,start=p_ext_ds_memes_0808,deterministic,1,synthetic
472,7bab7f7479684aec,p_ext_it_jobs_0807,manager_chat_open,2026-08-08 17:14:40.855256534,start=p_ext_it_jobs_0807,deterministic,0,synthetic
473,89255700ee7c2634,p_ext_it_jobs_0807,bot_start,2026-08-08 17:52:46.079398117,start=p_ext_it_jobs_0807,deterministic,0,synthetic
474,a618c6eee6fdc206,p_ext_ds_memes_0808,manager_chat_open,2026-08-08 18:19:30.010555359,start=p_ext_ds_memes_0808,deterministic,0,synthetic
475,35a1f1c4e9c2fe5d,p_ext_it_jobs_0807,bot_start,2026-08-08 18:19:45.092124504,start=p_ext_it_jobs_0807,deterministic,1,synthetic
476,7dcc4bc375427cbc,p_ext_ds_memes_0808,manager_chat_open,2026-08-08 18:39:43.298003850,start=p_ext_ds_memes_0808,deterministic,0,synthetic
477,52281eef3465e3e3,p_ext_ds_memes_0808,bot_start,2026-08-08 18:50:53.604059296,start=p_ext_ds_memes_0808,deterministic,0,synthetic
478,75e3b0a39781404b,p_ext_ds_memes_0808,promo_code_used,2026-08-08 19:46:42.423614910,start=p_ext_ds_memes_0808,deterministic,0,synthetic
479,ea96109b5ffa5a69,p_ext_ds_memes_0808,promo_code_used,2026-08-08 19:51:37.851941191,start=p_ext_ds_memes_0808,deterministic,1,synthetic
480,3101df025bac0565,p_ext_ds_memes_0808,promo_code_used,2026-08-08 20:05:56.133490259,start=p_ext_ds_memes_0808,deterministic,0,synthetic
481,554516429c4c2eb8,p_own_1811,bot_start,2026-08-08 20:21:07.707251921,start=p_own_1811,deterministic,1,synthetic
482,ef35c3808e52a44a,p_ext_ds_memes_0808,manager_chat_open,2026-08-08 20:43:41.674799523,start=p_ext_ds_memes_0808,deterministic,0,synthetic
483,8d0e817eea13f4a3,p_own_1824,manager_chat_open,2026-08-08 20:48:54.413618382,start=p_own_1824,deterministic,1,synthetic
484,dd2098160bdd8aca,p_ext_ds_memes_0808,bot_start,2026-08-08 21:03:47.569493613,start=p_ext_ds_memes_0808,deterministic,1,synthetic
485,a4cdb8c2c70e922d,p_ext_ds_memes_0808,bot_start,2026-08-08 21:26:27.440462120,start=p_ext_ds_memes_0808,deterministic,0,synthetic
486,4ae0eda00f1af460,p_ext_it_jobs_0807,bot_start,2026-08-08 21:39:10.917243104,start=p_ext_it_jobs_0807,deterministic,0,synthetic
487,419cfdac1e1c600c,p_ext_ds_memes_0808,bot_start,2026-08-08 21:49:39.912332692,start=p_ext_ds_memes_0808,deterministic,0,synthetic
488,0f743289c42c486a,p_ext_ds_memes_0808,promo_code_used,2026-08-08 22:06:03.378964731,start=p_ext_ds_memes_0808,deterministic,1,synthetic
489,26e8803b3501753f,p_ext_ds_memes_0808,bot_start,2026-08-08 22:22:12.631816492,start=p_ext_ds_memes_0808,deterministic,0,synthetic
490,3578a74554901b1a,p_ext_it_jobs_0807,manager_chat_open,2026-08-08 22:50:08.176407587,start=p_ext_it_jobs_0807,deterministic,0,synthetic
491,fd9b3b663f352b27,p_own_1833,bot_start,2026-08-08 23:30:05.938283112,start=p_own_1833,deterministic,1,synthetic
492,31c8bf22499c8cf6,p_own_1833,promo_code_used,2026-08-08 23:37:42.979149425,start=p_own_1833,deterministic,0,synthetic
493,adacd9c4f0e3e47a,p_own_1823,promo_code_used,2026-08-08 23:39:11.164001005,start=p_own_1823,deterministic,1,synthetic
494,82920da4cd046033,p_ext_ds_memes_0808,manager_chat_open,2026-08-09 00:41:46.738370162,start=p_ext_ds_memes_0808,deterministic,0,synthetic
495,b76ba25c391b2ff3,p_ext_ds_memes_0808,manager_chat_open,2026-08-09 00:58:14.294249767,start=p_ext_ds_memes_0808,deterministic,0,synthetic
496,1f1fe6acfb5f37a7,p_ext_ds_memes_0808,bot_start,2026-08-09 01:05:50.567594540,start=p_ext_ds_memes_0808,deterministic,0,synthetic
497,43c1004e69792581,p_ext_it_jobs_0807,promo_code_used,2026-08-09 01:27:00.861628913,start=p_ext_it_jobs_0807,deterministic,0,synthetic
498,0fd2da79ec240cfa,p_own_1833,manager_chat_open,2026-08-09 01:37:02.585884877,start=p_own_1833,deterministic,1,synthetic
499,1cf466bfa7da27fc,p_ext_ds_memes_0808,bot_start,2026-08-09 01:38:21.947474457,start=p_ext_ds_memes_0808,deterministic,0,synthetic
500,a956ba0c900c3797,p_ext_it_jobs_0807,manager_chat_open,2026-08-09 01:52:01.387573772,start=p_ext_it_jobs_0807,deterministic,0,synthetic
501,9353c64825ae9909,p_ext_ds_memes_0808,bot_start,2026-08-09 01:56:10.632547146,start=p_ext_ds_memes_0808,deterministic,0,synthetic
502,bb76f15083fbb2b5,p_ext_it_jobs_0807,bot_start,2026-08-09 01:59:39.829727635,start=p_ext_it_jobs_0807,deterministic,1,synthetic
503,1e9bd75d2fee68a9,p_ext_ds_memes_0808,manager_chat_open,2026-08-09 02:30:12.556395358,start=p_ext_ds_memes_0808,deterministic,0,synthetic
504,0149e125f16e60a9,p_ext_it_jobs_0807,manager_chat_open,2026-08-09 03:45:33.978068082,start=p_ext_it_jobs_0807,deterministic,0,synthetic
505,6d9c67839ff50142,p_own_1823,bot_start,2026-08-09 04:31:34.701933621,start=p_own_1823,deterministic,1,synthetic
506,472d6f108a13e600,p_ext_ds_memes_0808,manager_chat_open,2026-08-09 04:56:31.164229580,start=p_ext_ds_memes_0808,deterministic,0,synthetic
507,d4246332169e3479,p_own_1827,bot_start,2026-08-09 05:02:04.195199806,start=p_own_1827,deterministic,1,synthetic
508,cdeb2f523c7d133c,p_ext_ds_memes_0808,manager_chat_open,2026-08-09 05:09:45.182299311,start=p_ext_ds_memes_0808,deterministic,0,synthetic
509,46c73e7e72f6d4a0,p_own_1833,bot_start,2026-08-09 05:16:58.999057802,start=p_own_1833,deterministic,0,synthetic
510,03c4f23b49331799,p_ext_ds_memes_0808,manager_chat_open,2026-08-09 06:07:02.739434428,start=p_ext_ds_memes_0808,deterministic,0,synthetic
511,63a1ad1f5b6c4d29,p_own_1833,promo_code_used,2026-08-09 06:07:44.706781870,start=p_own_1833,deterministic,1,synthetic
512,965e63a30ebfcb98,p_own_1833,bot_start,2026-08-09 06:23:40.870188175,start=p_own_1833,deterministic,0,synthetic
513,e4c446f2543ce116,p_ext_it_jobs_0807,bot_start,2026-08-09 06:49:46.009386597,start=p_ext_it_jobs_0807,deterministic,1,synthetic
514,ff374ed4f5be5cf8,p_ext_ds_memes_0808,bot_start,2026-08-09 07:16:58.794013012,start=p_ext_ds_memes_0808,deterministic,0,synthetic
515,9a1b838b0a96d369,p_ext_ds_memes_0808,manager_chat_open,2026-08-09 07:26:41.278045437,start=p_ext_ds_memes_0808,deterministic,1,synthetic
516,aaec5ad6fba15505,p_ext_it_jobs_0807,manager_chat_open,2026-08-09 07:33:14.240706365,start=p_ext_it_jobs_0807,deterministic,1,synthetic
517,66220ed4f35a98c6,p_ext_it_jobs_0807,manager_chat_open,2026-08-09 08:19:44.635970750,start=p_ext_it_jobs_0807,deterministic,0,synthetic
518,3a6fb4479cf6573e,p_own_1833,bot_start,2026-08-09 08:34:24.562159840,start=p_own_1833,deterministic,0,synthetic
519,10e2627dbe18dd23,p_own_1833,bot_start,2026-08-09 08:42:27.511299969,start=p_own_1833,deterministic,1,synthetic
520,5139164b7fc0fb0f,p_ext_ds_memes_0808,promo_code_used,2026-08-09 08:50:28.380939421,start=p_ext_ds_memes_0808,deterministic,0,synthetic
521,657c0115f21c65a2,p_ext_ds_memes_0808,manager_chat_open,2026-08-09 09:31:04.877842398,start=p_ext_ds_memes_0808,deterministic,0,synthetic
522,ca96c46914a4135a,p_own_1833,promo_code_used,2026-08-09 10:23:28.794964040,start=p_own_1833,deterministic,0,synthetic
523,e98e8e58b4307fbc,p_ext_ds_memes_0808,bot_start,2026-08-09 10:39:48.697953940,start=p_ext_ds_memes_0808,deterministic,1,synthetic
524,30f23f02600e6ef6,p_ext_ds_memes_0808,manager_chat_open,2026-08-09 10:50:20.414877786,start=p_ext_ds_memes_0808,deterministic,0,synthetic
525,32a8d39bc5e05148,p_own_1827,bot_start,2026-08-09 12:12:54.690262705,start=p_own_1827,deterministic,1,synthetic
526,6b7700b69c85c7b4,p_own_1824,manager_chat_open,2026-08-09 12:26:16.028819650,start=p_own_1824,deterministic,1,synthetic
527,ff190ce821f883ac,p_ext_it_jobs_0807,bot_start,2026-08-09 12:27:59.443955736,start=p_ext_it_jobs_0807,deterministic,1,synthetic
528,2d45758cc66dc79f,p_own_1827,manager_chat_open,2026-08-09 13:06:53.411107909,start=p_own_1827,deterministic,1,synthetic
529,3adebbfad6108c6f,p_ext_it_jobs_0807,manager_chat_open,2026-08-09 13:06:56.122251209,start=p_ext_it_jobs_0807,deterministic,1,synthetic
530,0f743289c42c486a,p_own_1836,bot_start,2026-08-09 13:37:11.000000000,start=p_own_1836,deterministic,1,synthetic
531,0fd2da79ec240cfa,p_own_1836,bot_start,2026-08-09 13:37:11.000000000,start=p_own_1836,deterministic,1,synthetic
532,dd2098160bdd8aca,p_own_1836,bot_start,2026-08-09 13:37:11.000000000,start=p_own_1836,deterministic,1,synthetic
533,4754f1d2078c2c2c,p_own_1836,manager_chat_open,2026-08-09 13:37:11.000000000,start=p_own_1836,deterministic,1,synthetic
534,39ff2a22f707cd09,p_own_1836,manager_chat_open,2026-08-09 13:37:11.000000000,start=p_own_1836,deterministic,1,synthetic
535,f8a3e08da77a7710,p_own_1836,manager_chat_open,2026-08-09 13:37:11.000000000,start=p_own_1836,deterministic,1,synthetic
536,21be63817a824dd2,p_own_1836,manager_chat_open,2026-08-09 13:37:11.000000000,start=p_own_1836,deterministic,1,synthetic
537,a0d0ba4dc365d060,p_own_1836,manager_chat_open,2026-08-09 13:37:11.000000000,start=p_own_1836,deterministic,1,synthetic
538,ed41dbe12b8d10d4,p_own_1836,bot_start,2026-08-09 13:37:11.000000000,start=p_own_1836,deterministic,1,synthetic
539,e753390e145f1b87,p_own_1836,bot_start,2026-08-09 13:37:11.000000000,start=p_own_1836,deterministic,1,synthetic
540,116f80402dd251d8,p_own_1836,bot_start,2026-08-09 13:37:11.000000000,start=p_own_1836,deterministic,1,synthetic
541,82231d46bf875da2,p_own_1836,bot_start,2026-08-09 13:37:11.000000000,start=p_own_1836,deterministic,1,synthetic
542,2373ac3c8952d4a2,p_own_1836,bot_start,2026-08-09 13:37:11.000000000,start=p_own_1836,deterministic,1,synthetic
543,1230a12f111292eb,p_own_1836,bot_start,2026-08-09 13:37:11.000000000,start=p_own_1836,deterministic,1,synthetic
544,57dcfdb0f76b9336,p_own_1836,promo_code_used,2026-08-09 13:37:11.000000000,start=p_own_1836,deterministic,1,synthetic
545,8c64e192926b10a2,p_own_1836,bot_start,2026-08-09 13:37:11.000000000,start=p_own_1836,deterministic,1,synthetic
546,7d29a2680b72878e,p_own_1836,manager_chat_open,2026-08-09 13:37:11.000000000,start=p_own_1836,deterministic,1,synthetic
547,cc4227dd347f6a32,p_own_1836,bot_start,2026-08-09 13:37:11.000000000,start=p_own_1836,deterministic,1,synthetic
548,01206b8611e40c57,p_own_1836,manager_chat_open,2026-08-09 13:52:54.790231425,start=p_own_1836,deterministic,0,synthetic
549,bec26224e07f38a5,p_own_1836,bot_start,2026-08-09 13:54:23.808662041,start=p_own_1836,deterministic,0,synthetic
550,e456b1d51e27161e,p_own_1836,bot_start,2026-08-09 14:01:59.086432591,start=p_own_1836,deterministic,0,synthetic
551,b6e43e7efae80db7,p_ext_ds_memes_0808,promo_code_used,2026-08-09 14:03:51.337130290,start=p_ext_ds_memes_0808,deterministic,0,synthetic
552,f3f0133c8c99cc85,p_ext_ds_memes_0808,bot_start,2026-08-09 14:10:40.777291172,start=p_ext_ds_memes_0808,deterministic,0,synthetic
553,cc4227dd347f6a32,p_ext_it_jobs_0807,manager_chat_open,2026-08-09 14:29:38.593257670,start=p_ext_it_jobs_0807,deterministic,1,synthetic
554,feeb88556e953613,p_ext_ds_memes_0808,bot_start,2026-08-09 14:33:43.796623610,start=p_ext_ds_memes_0808,deterministic,0,synthetic
555,26c61f17724a1eaf,p_own_1836,bot_start,2026-08-09 15:22:25.858578684,start=p_own_1836,deterministic,1,synthetic
556,c1edb90383e31b73,p_ext_ds_memes_0808,manager_chat_open,2026-08-09 15:29:55.985884854,start=p_ext_ds_memes_0808,deterministic,0,synthetic
557,526deab70ca73adb,p_ext_it_jobs_0807,manager_chat_open,2026-08-09 15:40:55.059770233,start=p_ext_it_jobs_0807,deterministic,0,synthetic
558,58ce7b0641dd782f,p_own_1836,bot_start,2026-08-09 15:52:29.675029272,start=p_own_1836,deterministic,0,synthetic
559,5947652b77d4b72c,p_own_1833,bot_start,2026-08-09 15:58:37.250316354,start=p_own_1833,deterministic,0,synthetic
560,8b816e67ef5ac353,p_own_1836,manager_chat_open,2026-08-09 16:27:34.988927286,start=p_own_1836,deterministic,1,synthetic
561,97480da2521fb035,p_own_1836,bot_start,2026-08-09 16:34:38.375034503,start=p_own_1836,deterministic,0,synthetic
562,e9fd2f3a979dc650,p_own_1836,manager_chat_open,2026-08-09 16:40:24.101209227,start=p_own_1836,deterministic,0,synthetic
563,116f80402dd251d8,p_ext_ds_memes_0808,bot_start,2026-08-09 16:49:32.251281314,start=p_ext_ds_memes_0808,deterministic,1,synthetic
564,42d00141011d0c69,p_own_1836,bot_start,2026-08-09 17:31:08.405074868,start=p_own_1836,deterministic,0,synthetic
565,4e10d8df4b470acb,p_ext_ds_memes_0808,manager_chat_open,2026-08-09 18:06:45.358110193,start=p_ext_ds_memes_0808,deterministic,0,synthetic
566,8c145540b075e051,p_own_1833,bot_start,2026-08-09 18:21:23.189116502,start=p_own_1833,deterministic,0,synthetic
567,1b662384c10ab275,p_own_1837,bot_start,2026-08-09 18:40:40.000000000,start=p_own_1837,deterministic,1,synthetic
568,f7ab83149a00f067,p_own_1837,bot_start,2026-08-09 18:40:40.000000000,start=p_own_1837,deterministic,1,synthetic
569,0c5dcb7c5d27fabc,p_own_1837,bot_start,2026-08-09 18:40:40.000000000,start=p_own_1837,deterministic,1,synthetic
570,cf2816dacd32d716,p_own_1837,manager_chat_open,2026-08-09 18:40:40.000000000,start=p_own_1837,deterministic,1,synthetic
571,a972f8c38ab32f84,p_own_1837,promo_code_used,2026-08-09 18:40:40.000000000,start=p_own_1837,deterministic,1,synthetic
572,f25ff710b84d25b7,p_own_1837,promo_code_used,2026-08-09 18:40:40.000000000,start=p_own_1837,deterministic,1,synthetic
573,65fee6f650809300,p_own_1837,manager_chat_open,2026-08-09 18:40:40.000000000,start=p_own_1837,deterministic,1,synthetic
574,1230a12f111292eb,p_own_1837,manager_chat_open,2026-08-09 18:40:40.000000000,start=p_own_1837,deterministic,1,synthetic
575,7b0cfc0b85d1fc56,p_own_1837,bot_start,2026-08-09 18:40:40.000000000,start=p_own_1837,deterministic,1,synthetic
576,69ab0b51f9e99f28,p_own_1837,manager_chat_open,2026-08-09 18:40:40.000000000,start=p_own_1837,deterministic,1,synthetic
577,21be63817a824dd2,p_own_1837,manager_chat_open,2026-08-09 18:40:40.000000000,start=p_own_1837,deterministic,1,synthetic
578,19a78627440650eb,p_own_1827,manager_chat_open,2026-08-09 18:42:07.178534567,start=p_own_1827,deterministic,1,synthetic
579,0c5dcb7c5d27fabc,p_ext_ds_memes_0808,manager_chat_open,2026-08-09 18:50:36.291094443,start=p_ext_ds_memes_0808,deterministic,1,synthetic
580,8718ceec2618fa11,p_ext_ds_memes_0808,bot_start,2026-08-09 18:57:47.013121717,start=p_ext_ds_memes_0808,deterministic,0,synthetic
581,98c0722fa5397469,p_ext_ds_memes_0808,bot_start,2026-08-09 19:14:16.550215855,start=p_ext_ds_memes_0808,deterministic,0,synthetic
582,ac7d0ec03f4a1273,p_ext_ds_memes_0808,bot_start,2026-08-09 19:16:27.872904139,start=p_ext_ds_memes_0808,deterministic,1,synthetic
583,fcd1074489b8bc1b,p_own_1837,bot_start,2026-08-09 19:22:45.106432216,start=p_own_1837,deterministic,0,synthetic
584,145cdf5c91ed1490,p_own_1837,bot_start,2026-08-09 19:23:36.132219256,start=p_own_1837,deterministic,0,synthetic
585,9aa0fb4f40578076,p_own_1836,manager_chat_open,2026-08-09 19:36:19.989937886,start=p_own_1836,deterministic,1,synthetic
586,f0560372cd6a2064,p_own_1836,promo_code_used,2026-08-09 19:42:33.274533547,start=p_own_1836,deterministic,0,synthetic
587,facb5d6cc327c69d,p_own_1837,manager_chat_open,2026-08-09 19:47:52.888380601,start=p_own_1837,deterministic,0,synthetic
588,9abad5dce1e5006c,p_own_1836,bot_start,2026-08-09 20:03:36.120246658,start=p_own_1836,deterministic,0,synthetic
589,f142dac0bfdd9dd7,p_ext_ds_memes_0808,bot_start,2026-08-09 20:09:16.744265531,start=p_ext_ds_memes_0808,deterministic,0,synthetic
590,7adbc07677598e15,p_ext_ds_memes_0808,bot_start,2026-08-09 20:10:59.838484106,start=p_ext_ds_memes_0808,deterministic,0,synthetic
591,2bc6c6bd20698845,p_ext_ds_memes_0808,bot_start,2026-08-09 20:44:21.397100156,start=p_ext_ds_memes_0808,deterministic,0,synthetic
592,39a492f16359bed4,p_own_1837,bot_start,2026-08-09 21:00:27.932177499,start=p_own_1837,deterministic,0,synthetic
593,f557c5fed0ce32ae,p_own_1837,promo_code_used,2026-08-09 21:16:12.774495080,start=p_own_1837,deterministic,0,synthetic
594,65fee6f650809300,p_ext_ds_memes_0808,promo_code_used,2026-08-09 21:23:08.325437083,start=p_ext_ds_memes_0808,deterministic,1,synthetic
595,b812e5f9958dc0b4,p_own_1837,manager_chat_open,2026-08-09 21:26:39.843122672,start=p_own_1837,deterministic,0,synthetic
596,6b327e32cd4269af,p_own_1833,bot_start,2026-08-09 21:27:18.355557600,start=p_own_1833,deterministic,0,synthetic
597,e48c82b997002718,p_own_1837,bot_start,2026-08-09 22:16:50.249076026,start=p_own_1837,deterministic,0,synthetic
598,526a1dad414c58d7,p_own_1837,bot_start,2026-08-09 22:25:34.893067785,start=p_own_1837,deterministic,0,synthetic
599,4be1311917ab43f5,p_ext_ds_memes_0808,bot_start,2026-08-09 22:44:32.489764848,start=p_ext_ds_memes_0808,deterministic,0,synthetic
600,62318b709917e25f,p_own_1833,manager_chat_open,2026-08-09 22:58:35.241380938,start=p_own_1833,deterministic,0,synthetic
601,af7b09f8723b9366,p_ext_ds_memes_0808,bot_start,2026-08-09 23:35:10.475425587,start=p_ext_ds_memes_0808,deterministic,1,synthetic
602,c67fce09b1a1f97e,p_ext_ds_memes_0808,bot_start,2026-08-09 23:52:53.393843440,start=p_ext_ds_memes_0808,deterministic,0,synthetic
603,dbd341c9789ef0ae,p_own_1836,manager_chat_open,2026-08-10 00:13:28.623923714,start=p_own_1836,deterministic,0,synthetic
604,44ce09c8f3f53391,p_own_1837,bot_start,2026-08-10 00:30:03.563029938,start=p_own_1837,deterministic,0,synthetic
605,b6601b56852fa983,p_own_1836,bot_start,2026-08-10 00:50:02.136842873,start=p_own_1836,deterministic,1,synthetic
606,02440e8b7f0a56ad,p_own_1837,bot_start,2026-08-10 01:52:52.882095810,start=p_own_1837,deterministic,0,synthetic
607,fcd657fcfa4ea5d3,p_own_1836,manager_chat_open,2026-08-10 02:27:29.491179818,start=p_own_1836,deterministic,0,synthetic
608,ab7ca4d6bf814a79,p_ext_ds_memes_0808,bot_start,2026-08-10 02:28:38.688881917,start=p_ext_ds_memes_0808,deterministic,0,synthetic
609,8602e08df876d9f6,p_ext_ds_memes_0808,bot_start,2026-08-10 02:43:41.700292454,start=p_ext_ds_memes_0808,deterministic,1,synthetic
610,d77cd0e4359693f0,p_ext_ds_memes_0808,bot_start,2026-08-10 03:00:01.885026200,start=p_ext_ds_memes_0808,deterministic,0,synthetic
611,388f3cd4a66b42a2,p_own_1836,manager_chat_open,2026-08-10 03:12:19.750541388,start=p_own_1836,deterministic,0,synthetic
612,96f9a6071ad51ccb,p_own_1833,promo_code_used,2026-08-10 03:25:48.151046921,start=p_own_1833,deterministic,0,synthetic
613,4c36fb941ec93862,p_own_1837,bot_start,2026-08-10 03:36:00.287151148,start=p_own_1837,deterministic,0,synthetic
614,ff1da7a40068cf52,p_ext_ds_memes_0808,bot_start,2026-08-10 03:52:09.581636399,start=p_ext_ds_memes_0808,deterministic,1,synthetic
615,4b6541f4fff6d399,p_own_1837,bot_start,2026-08-10 03:52:23.046934067,start=p_own_1837,deterministic,0,synthetic
616,556048b194a69ec8,p_ext_ds_memes_0808,bot_start,2026-08-10 04:11:30.381097125,start=p_ext_ds_memes_0808,deterministic,1,synthetic
617,79425b1541415f60,p_ext_ds_memes_0808,promo_code_used,2026-08-10 04:23:32.283251010,start=p_ext_ds_memes_0808,deterministic,1,synthetic
618,b2e0cbe45a800cc0,p_ext_ds_memes_0808,bot_start,2026-08-10 04:26:50.130074044,start=p_ext_ds_memes_0808,deterministic,0,synthetic
619,94038772a1c20b4c,p_own_1836,promo_code_used,2026-08-10 04:30:48.247999626,start=p_own_1836,deterministic,0,synthetic
620,6d31fd22ccebc276,p_own_1823,promo_code_used,2026-08-10 04:42:27.110079457,start=p_own_1823,deterministic,1,synthetic
621,f3847c8b72b00bd2,p_ext_it_jobs_0807,manager_chat_open,2026-08-10 04:43:23.630337045,start=p_ext_it_jobs_0807,deterministic,0,synthetic
622,83fcbad1db681899,p_own_1837,promo_code_used,2026-08-10 04:43:39.243031366,start=p_own_1837,deterministic,1,synthetic
623,add10ad32ab47836,p_own_1836,manager_chat_open,2026-08-10 04:55:07.943104394,start=p_own_1836,deterministic,0,synthetic
624,55595abace9c4c0e,p_ext_it_jobs_0807,bot_start,2026-08-10 05:17:57.792517309,start=p_ext_it_jobs_0807,deterministic,1,synthetic
625,a63f06a099e0e6eb,p_own_1837,bot_start,2026-08-10 05:48:18.588655337,start=p_own_1837,deterministic,1,synthetic
626,7befe50b96b06448,p_own_1836,promo_code_used,2026-08-10 06:10:44.070319572,start=p_own_1836,deterministic,0,synthetic
627,2373ac3c8952d4a2,p_own_1827,manager_chat_open,2026-08-10 06:55:14.838514311,start=p_own_1827,deterministic,1,synthetic
628,117511ff34bdd6ce,p_own_1837,manager_chat_open,2026-08-10 06:56:50.594356688,start=p_own_1837,deterministic,0,synthetic
629,330b2632052e9d37,p_own_1837,bot_start,2026-08-10 06:58:01.160128157,start=p_own_1837,deterministic,0,synthetic
630,9d3da051de9303fa,p_own_1836,bot_start,2026-08-10 07:16:55.688257941,start=p_own_1836,deterministic,0,synthetic
631,c82d406bed2306f3,p_ext_it_jobs_0807,promo_code_used,2026-08-10 08:17:12.126984599,start=p_ext_it_jobs_0807,deterministic,0,synthetic
632,126f3370ac4325d4,p_own_1837,bot_start,2026-08-10 08:36:14.329792916,start=p_own_1837,deterministic,0,synthetic
633,f3f2720e32730515,p_own_1837,manager_chat_open,2026-08-10 09:21:31.067494091,start=p_own_1837,deterministic,0,synthetic
634,892e464fadef0e13,p_own_1836,bot_start,2026-08-10 10:09:43.370675771,start=p_own_1836,deterministic,0,synthetic
635,e4a823f28e2594ab,p_own_1833,manager_chat_open,2026-08-10 10:11:44.661544190,start=p_own_1833,deterministic,0,synthetic
636,64e857618011739e,p_own_1833,manager_chat_open,2026-08-10 10:29:45.505825519,start=p_own_1833,deterministic,0,synthetic
637,dbf938f7e252daa1,p_own_1837,manager_chat_open,2026-08-10 10:48:44.057681163,start=p_own_1837,deterministic,0,synthetic
638,8c1212c1c1d2b6e3,p_ext_ds_memes_0808,bot_start,2026-08-10 11:53:28.525298529,start=p_ext_ds_memes_0808,deterministic,1,synthetic
639,e3bda8989bc210ed,p_own_1836,bot_start,2026-08-10 11:53:40.346435789,start=p_own_1836,deterministic,0,synthetic
640,8380c51099479395,p_own_1833,bot_start,2026-08-10 12:03:33.059572264,start=p_own_1833,deterministic,0,synthetic
641,5df6a8ebcf4f8500,p_ext_ds_memes_0808,bot_start,2026-08-10 12:13:31.609716714,start=p_ext_ds_memes_0808,deterministic,0,synthetic
642,07c4c5ced735a1f9,p_ext_ds_memes_0808,manager_chat_open,2026-08-10 12:13:41.716118487,start=p_ext_ds_memes_0808,deterministic,1,synthetic
643,7f8cd2db26d889a2,p_own_1827,bot_start,2026-08-10 12:22:19.795844382,start=p_own_1827,deterministic,1,synthetic
644,ae4660ea3e51ef6a,p_own_1836,manager_chat_open,2026-08-10 12:30:52.809864534,start=p_own_1836,deterministic,0,synthetic
645,504ab8231b9696ef,p_own_1837,promo_code_used,2026-08-10 13:11:18.875343545,start=p_own_1837,deterministic,0,synthetic
646,510292d3d3330c35,p_ext_it_jobs_0807,promo_code_used,2026-08-10 13:21:49.358301897,start=p_ext_it_jobs_0807,deterministic,1,synthetic
647,6aa99e5ba75203d8,p_own_1836,bot_start,2026-08-10 13:27:32.414490199,start=p_own_1836,deterministic,0,synthetic
648,304bba6f6cf68f7a,p_ext_ds_memes_0808,bot_start,2026-08-10 13:41:56.605337102,start=p_ext_ds_memes_0808,deterministic,0,synthetic
649,b866a2275d30f686,p_own_1837,manager_chat_open,2026-08-10 13:51:35.602637209,start=p_own_1837,deterministic,1,synthetic
650,d16e4ffe9cfd5685,p_ext_ds_memes_0808,bot_start,2026-08-10 15:02:49.369465040,start=p_ext_ds_memes_0808,deterministic,0,synthetic
651,101dae722fad5c62,p_own_1837,bot_start,2026-08-10 15:34:12.491202439,start=p_own_1837,deterministic,1,synthetic
652,7f1c801c1c84ecbf,p_own_1833,manager_chat_open,2026-08-10 15:43:15.120292879,start=p_own_1833,deterministic,0,synthetic
653,9e44dd3f91844f0e,p_own_1838,bot_start,2026-08-10 16:31:59.000000000,start=p_own_1838,deterministic,1,synthetic
654,39225ca1d5a04973,p_own_1838,bot_start,2026-08-10 16:31:59.000000000,start=p_own_1838,deterministic,1,synthetic
655,7f8cd2db26d889a2,p_own_1838,bot_start,2026-08-10 16:31:59.000000000,start=p_own_1838,deterministic,1,synthetic
656,35a1f1c4e9c2fe5d,p_own_1838,manager_chat_open,2026-08-10 16:31:59.000000000,start=p_own_1838,deterministic,1,synthetic
657,a3b1dfa41657a7d0,p_own_1838,bot_start,2026-08-10 16:31:59.000000000,start=p_own_1838,deterministic,1,synthetic
658,f7ab83149a00f067,p_own_1838,bot_start,2026-08-10 16:31:59.000000000,start=p_own_1838,deterministic,1,synthetic
659,5c4d1d6079902cd3,p_own_1838,manager_chat_open,2026-08-10 16:31:59.000000000,start=p_own_1838,deterministic,1,synthetic
660,1961e8fa3045bbcf,p_own_1838,promo_code_used,2026-08-10 16:31:59.000000000,start=p_own_1838,deterministic,1,synthetic
661,55595abace9c4c0e,p_own_1838,bot_start,2026-08-10 16:31:59.000000000,start=p_own_1838,deterministic,1,synthetic
662,f521ca9b68bb960e,p_own_1837,manager_chat_open,2026-08-10 16:41:11.329308207,start=p_own_1837,deterministic,0,synthetic
663,edf5194554df6b14,p_own_1836,bot_start,2026-08-10 16:41:16.639512690,start=p_own_1836,deterministic,0,synthetic
664,78259d15eb07b79b,p_own_1836,manager_chat_open,2026-08-10 16:45:23.022971073,start=p_own_1836,deterministic,0,synthetic
665,0581c1499cc78631,p_own_1838,bot_start,2026-08-10 16:49:24.713869129,start=p_own_1838,deterministic,0,synthetic
666,36f9fc954440dfe0,p_ext_ds_memes_0808,bot_start,2026-08-10 17:01:07.177178520,start=p_ext_ds_memes_0808,deterministic,0,synthetic
667,41f8211c345412ef,p_own_1837,bot_start,2026-08-10 17:27:26.808714224,start=p_own_1837,deterministic,0,synthetic
668,72e5d0000b9fd742,p_own_1833,manager_chat_open,2026-08-10 18:42:13.648790891,start=p_own_1833,deterministic,0,synthetic
669,4b19bcc3169f41ef,p_own_1837,manager_chat_open,2026-08-10 18:43:50.965431111,start=p_own_1837,deterministic,0,synthetic
670,6f798a171c5c7747,p_own_1836,manager_chat_open,2026-08-10 19:34:42.718439061,start=p_own_1836,deterministic,0,synthetic
671,baf05f8de6546e08,p_own_1837,manager_chat_open,2026-08-10 20:08:56.343952551,start=p_own_1837,deterministic,0,synthetic
672,84c17021eea8d0f8,p_ext_it_jobs_0807,manager_chat_open,2026-08-10 20:11:47.128502112,start=p_ext_it_jobs_0807,deterministic,0,synthetic
673,cf25f6eccd1f9cda,p_own_1840,promo_code_used,2026-08-10 20:35:01.697067879,start=p_own_1840,deterministic,0,synthetic
674,28345b7c45cd5aaf,p_own_1840,bot_start,2026-08-10 20:37:23.177208694,start=p_own_1840,deterministic,0,synthetic
675,3e32b18233783fc1,p_own_1840,manager_chat_open,2026-08-10 20:38:06.000000000,start=p_own_1840,deterministic,1,synthetic
676,21be63817a824dd2,p_own_1840,manager_chat_open,2026-08-10 20:38:06.000000000,start=p_own_1840,deterministic,1,synthetic
677,82231d46bf875da2,p_own_1840,promo_code_used,2026-08-10 20:38:06.000000000,start=p_own_1840,deterministic,1,synthetic
678,22ebaa357ed90297,p_own_1840,bot_start,2026-08-10 20:38:06.000000000,start=p_own_1840,deterministic,1,synthetic
679,5a6e3ec5251018f7,p_own_1840,manager_chat_open,2026-08-10 20:38:06.000000000,start=p_own_1840,deterministic,1,synthetic
680,07c4c5ced735a1f9,p_own_1840,bot_start,2026-08-10 20:38:06.000000000,start=p_own_1840,deterministic,1,synthetic
681,be6c5d6c44be8256,p_own_1840,bot_start,2026-08-10 20:38:06.000000000,start=p_own_1840,deterministic,1,synthetic
682,03e96f4ec5997929,p_own_1840,promo_code_used,2026-08-10 20:38:06.000000000,start=p_own_1840,deterministic,1,synthetic
683,fde14be9b8c796ef,p_own_1840,promo_code_used,2026-08-10 20:44:25.358498157,start=p_own_1840,deterministic,0,synthetic
684,971c855a169a12b3,p_own_1840,bot_start,2026-08-10 21:06:51.775639045,start=p_own_1840,deterministic,0,synthetic
685,e52e48593952801e,p_own_1838,bot_start,2026-08-10 21:10:19.288370411,start=p_own_1838,deterministic,0,synthetic
686,602d23c1b8a3cc63,p_own_1836,manager_chat_open,2026-08-10 21:13:27.314708110,start=p_own_1836,deterministic,0,synthetic
687,94f555616b9ce3c1,p_own_1840,promo_code_used,2026-08-10 21:13:53.785905722,start=p_own_1840,deterministic,0,synthetic
688,657da3cecaa1034b,p_own_1840,manager_chat_open,2026-08-10 21:24:36.750857045,start=p_own_1840,deterministic,0,synthetic
689,83c1685f53ba3a38,p_own_1840,manager_chat_open,2026-08-10 21:41:24.795912282,start=p_own_1840,deterministic,0,synthetic
690,5021feee76051dcd,p_own_1838,manager_chat_open,2026-08-10 21:44:05.135342640,start=p_own_1838,deterministic,0,synthetic
691,bb1711b97a7bc754,p_ext_it_jobs_0807,bot_start,2026-08-10 21:47:23.949749194,start=p_ext_it_jobs_0807,deterministic,0,synthetic
692,e6c376e187f8294c,p_own_1838,bot_start,2026-08-10 21:50:27.885999643,start=p_own_1838,deterministic,0,synthetic
693,e2441306d0550b9f,p_own_1840,bot_start,2026-08-10 22:20:38.333457298,start=p_own_1840,deterministic,0,synthetic
694,cab5e9de6e1eb66b,p_own_1840,bot_start,2026-08-10 22:48:31.413588582,start=p_own_1840,deterministic,0,synthetic
695,44b4c46a4c74cb6e,p_ext_ds_memes_0808,bot_start,2026-08-10 22:53:33.737323161,start=p_ext_ds_memes_0808,deterministic,0,synthetic
696,1e08807571686989,p_own_1840,bot_start,2026-08-10 23:04:35.910975475,start=p_own_1840,deterministic,0,synthetic
697,b9e8bd3f25bc400e,p_own_1840,promo_code_used,2026-08-10 23:06:25.787297075,start=p_own_1840,deterministic,0,synthetic
698,e75e3e68fe619ce6,p_own_1840,promo_code_used,2026-08-10 23:26:12.889635502,start=p_own_1840,deterministic,0,synthetic
699,c2231cf81c3c2bb9,p_own_1840,manager_chat_open,2026-08-10 23:26:59.874010225,start=p_own_1840,deterministic,0,synthetic
700,ec40cbe85c6e6504,p_own_1840,bot_start,2026-08-10 23:59:42.692076876,start=p_own_1840,deterministic,0,synthetic
701,0579f10bb1414f70,p_own_1838,manager_chat_open,2026-08-11 00:09:32.072454624,start=p_own_1838,deterministic,0,synthetic
702,f173d5639c5e9871,p_own_1840,bot_start,2026-08-11 00:19:05.908801158,start=p_own_1840,deterministic,0,synthetic
703,a0194b8c85f5a925,p_own_1837,manager_chat_open,2026-08-11 00:39:18.937308819,start=p_own_1837,deterministic,0,synthetic
704,652919e5fbd8d55e,p_ext_ds_memes_0808,bot_start,2026-08-11 00:41:03.022716353,start=p_ext_ds_memes_0808,deterministic,0,synthetic
705,e5c2c010ee42db5d,p_own_1840,bot_start,2026-08-11 01:12:15.588303134,start=p_own_1840,deterministic,0,synthetic
706,b006a7ee04ad1ed2,p_ext_ds_memes_0808,bot_start,2026-08-11 01:27:34.310936373,start=p_ext_ds_memes_0808,deterministic,0,synthetic
707,d19c9a65c03d45e7,p_ext_ds_memes_0808,bot_start,2026-08-11 01:32:13.664168134,start=p_ext_ds_memes_0808,deterministic,0,synthetic
708,d1cb02162132a54a,p_own_1840,bot_start,2026-08-11 01:37:14.730387165,start=p_own_1840,deterministic,0,synthetic
709,75ffc0ba80809aed,p_own_1840,bot_start,2026-08-11 02:07:28.685406551,start=p_own_1840,deterministic,0,synthetic
710,147809ad35f1db35,p_own_1840,manager_chat_open,2026-08-11 02:23:41.092484578,start=p_own_1840,deterministic,0,synthetic
711,a1b84c8cb48ccc9e,p_own_1836,bot_start,2026-08-11 03:51:42.401143158,start=p_own_1836,deterministic,0,synthetic
712,0d11072e91117806,p_own_1840,manager_chat_open,2026-08-11 03:55:09.626977757,start=p_own_1840,deterministic,0,synthetic
713,4aed2e0cf3b44ee9,p_own_1833,manager_chat_open,2026-08-11 04:02:05.533593420,start=p_own_1833,deterministic,0,synthetic
714,341710b1e857fd4b,p_own_1840,manager_chat_open,2026-08-11 04:06:38.311466839,start=p_own_1840,deterministic,0,synthetic
715,7cb2278a9d396c0e,p_own_1836,manager_chat_open,2026-08-11 04:21:44.794123468,start=p_own_1836,deterministic,0,synthetic
716,35ecf2f0ded72e7d,p_own_1838,promo_code_used,2026-08-11 04:31:40.706217077,start=p_own_1838,deterministic,0,synthetic
717,fd105434c6e338aa,p_own_1836,bot_start,2026-08-11 04:38:16.064670257,start=p_own_1836,deterministic,1,synthetic
718,3e32b18233783fc1,p_own_1838,bot_start,2026-08-11 04:41:21.503708675,start=p_own_1838,deterministic,1,synthetic
719,5a0a1c5033ff46fd,p_own_1840,manager_chat_open,2026-08-11 05:14:39.788733001,start=p_own_1840,deterministic,0,synthetic
720,e176ec3a904cec6c,p_own_1837,manager_chat_open,2026-08-11 05:22:00.414403541,start=p_own_1837,deterministic,0,synthetic
721,aa1b32e93fe89713,p_own_1836,manager_chat_open,2026-08-11 06:26:11.598859305,start=p_own_1836,deterministic,0,synthetic
722,23a8ac6477cd0de7,p_own_1840,bot_start,2026-08-11 07:05:52.791507816,start=p_own_1840,deterministic,0,synthetic
723,a45824803c6c74a8,p_own_1840,manager_chat_open,2026-08-11 07:10:57.202238532,start=p_own_1840,deterministic,0,synthetic
724,8eebeed164b1e09b,p_own_1836,bot_start,2026-08-11 07:29:34.843522080,start=p_own_1836,deterministic,0,synthetic
725,21bb0baf27900467,p_own_1838,promo_code_used,2026-08-11 07:38:40.721241580,start=p_own_1838,deterministic,1,synthetic
726,cf4dfd36bc6ca7e4,p_ext_ds_memes_0808,bot_start,2026-08-11 08:09:44.098279238,start=p_ext_ds_memes_0808,deterministic,0,synthetic
727,cd9275d8c3063ee2,p_own_1838,promo_code_used,2026-08-11 08:26:46.697292133,start=p_own_1838,deterministic,1,synthetic
728,ae7e1bb59bf11c10,p_own_1840,bot_start,2026-08-11 08:32:32.537923199,start=p_own_1840,deterministic,0,synthetic
729,2d7ad1f805632b9a,p_own_1840,bot_start,2026-08-11 08:52:27.362125666,start=p_own_1840,deterministic,0,synthetic
730,1456c4e3efad2341,p_own_1838,manager_chat_open,2026-08-11 09:17:38.148754755,start=p_own_1838,deterministic,0,synthetic
731,0bce37549d30cf0b,p_own_1838,bot_start,2026-08-11 09:19:04.911924675,start=p_own_1838,deterministic,1,synthetic
732,2fec8db3f7bd29a3,p_own_1840,bot_start,2026-08-11 09:22:49.934035883,start=p_own_1840,deterministic,0,synthetic
733,5d61d9ddfaeb51e3,p_own_1836,bot_start,2026-08-11 09:42:41.930478110,start=p_own_1836,deterministic,0,synthetic
734,485b147d7a714462,p_own_1838,bot_start,2026-08-11 09:52:08.879783350,start=p_own_1838,deterministic,0,synthetic
735,8cd2bdcc1e2679d6,p_own_1840,promo_code_used,2026-08-11 10:08:52.673997802,start=p_own_1840,deterministic,0,synthetic
736,22ebaa357ed90297,p_own_1836,bot_start,2026-08-11 10:20:29.518273286,start=p_own_1836,deterministic,1,synthetic
737,04b5bc40c2547ae0,p_own_1836,bot_start,2026-08-11 10:29:49.489959293,start=p_own_1836,deterministic,0,synthetic
738,ebf6c8424173dcd8,p_own_1840,manager_chat_open,2026-08-11 10:32:12.551648352,start=p_own_1840,deterministic,0,synthetic
739,f0b206bde436b5af,p_own_1840,bot_start,2026-08-11 10:33:51.596896431,start=p_own_1840,deterministic,0,synthetic
740,956a1bd21c58a8e5,p_own_1840,bot_start,2026-08-11 12:13:34.806308480,start=p_own_1840,deterministic,0,synthetic
741,220245a608102b6a,p_own_1840,bot_start,2026-08-11 12:32:19.188099943,start=p_own_1840,deterministic,0,synthetic
742,3a08a8956cb1aa45,p_own_1840,manager_chat_open,2026-08-11 13:27:32.242044301,start=p_own_1840,deterministic,0,synthetic
743,a4e101cb62458d95,p_own_1840,manager_chat_open,2026-08-11 13:29:38.425302064,start=p_own_1840,deterministic,0,synthetic
744,1265f19425cc17ed,p_own_1840,bot_start,2026-08-11 14:06:49.850774632,start=p_own_1840,deterministic,0,synthetic
745,ee134ccbcd08a47a,p_own_1840,bot_start,2026-08-11 14:16:53.098723179,start=p_own_1840,deterministic,0,synthetic
746,2286e3760b19952e,p_ext_it_jobs_0807,manager_chat_open,2026-08-11 15:05:00.356605714,start=p_ext_it_jobs_0807,deterministic,1,synthetic
747,41c5b6a100d8b641,p_own_1838,manager_chat_open,2026-08-11 15:19:07.516173800,start=p_own_1838,deterministic,0,synthetic
748,53609e47201f69a2,p_own_1840,bot_start,2026-08-11 15:23:49.435856905,start=p_own_1840,deterministic,0,synthetic
749,3c39ec7eeb95a2cc,p_own_1840,promo_code_used,2026-08-11 15:43:20.796370868,start=p_own_1840,deterministic,0,synthetic
750,d733864cffda10e5,p_own_1840,bot_start,2026-08-11 15:49:36.496248083,start=p_own_1840,deterministic,0,synthetic
751,e00bc2fc94526abe,p_own_1838,bot_start,2026-08-11 16:36:59.740258039,start=p_own_1838,deterministic,1,synthetic
752,e976b9139a6264d4,p_ext_it_jobs_0807,promo_code_used,2026-08-11 16:53:33.711193583,start=p_ext_it_jobs_0807,deterministic,0,synthetic
753,b2af8fa3ddc0dd57,p_ext_ds_memes_0808,manager_chat_open,2026-08-11 17:08:36.557315837,start=p_ext_ds_memes_0808,deterministic,0,synthetic
754,20e0643650dda414,p_own_1838,bot_start,2026-08-11 17:56:05.141156667,start=p_own_1838,deterministic,0,synthetic
755,20948c7b68a93d6f,p_own_1837,promo_code_used,2026-08-11 17:58:23.732098007,start=p_own_1837,deterministic,0,synthetic
756,eab2ee8308db574d,p_ext_it_jobs_0807,bot_start,2026-08-11 18:11:18.901027545,start=p_ext_it_jobs_0807,deterministic,0,synthetic
757,b11ea9d4a97ec315,p_own_1837,manager_chat_open,2026-08-11 18:40:28.171230950,start=p_own_1837,deterministic,0,synthetic
758,74c15dee3ee9367b,p_own_1843,bot_start,2026-08-11 18:55:13.000000000,start=p_own_1843,deterministic,1,synthetic
759,377dc1500ef8dadc,p_own_1843,bot_start,2026-08-11 18:55:13.000000000,start=p_own_1843,deterministic,1,synthetic
760,1961e8fa3045bbcf,p_own_1843,promo_code_used,2026-08-11 18:55:13.000000000,start=p_own_1843,deterministic,1,synthetic
761,0b7fd5b4e29d538b,p_own_1843,manager_chat_open,2026-08-11 18:55:13.000000000,start=p_own_1843,deterministic,1,synthetic
762,4526dac7f102907d,p_own_1843,bot_start,2026-08-11 18:55:13.000000000,start=p_own_1843,deterministic,1,synthetic
763,b6601b56852fa983,p_own_1843,bot_start,2026-08-11 18:55:13.000000000,start=p_own_1843,deterministic,1,synthetic
764,b43677ebe34d3281,p_own_1843,manager_chat_open,2026-08-11 18:55:13.000000000,start=p_own_1843,deterministic,1,synthetic
765,dcb61c5ff7b47b93,p_own_1843,bot_start,2026-08-11 18:55:13.000000000,start=p_own_1843,deterministic,1,synthetic
766,0dfa73519d4709bd,p_own_1840,bot_start,2026-08-11 19:11:11.195828944,start=p_own_1840,deterministic,0,synthetic
767,f92c288d10db92c3,p_own_1837,bot_start,2026-08-11 19:25:21.598128171,start=p_own_1837,deterministic,0,synthetic
768,c3c25de55c0228b4,p_own_1836,bot_start,2026-08-11 19:27:10.292968291,start=p_own_1836,deterministic,0,synthetic
769,1e14b00131684d75,p_ext_ds_memes_0808,promo_code_used,2026-08-11 20:01:55.251639386,start=p_ext_ds_memes_0808,deterministic,1,synthetic
770,5b476bcaf91b086e,p_own_1836,manager_chat_open,2026-08-11 20:08:17.628699032,start=p_own_1836,deterministic,0,synthetic
771,e9deea8650149e65,p_own_1827,manager_chat_open,2026-08-11 20:14:42.589024748,start=p_own_1827,deterministic,1,synthetic
772,48c7d8dc85b7d322,p_own_1843,bot_start,2026-08-11 20:20:28.251660689,start=p_own_1843,deterministic,0,synthetic
773,500e55269a96551f,p_own_1840,bot_start,2026-08-11 20:57:49.368816714,start=p_own_1840,deterministic,0,synthetic
774,32e7dc6d3b07ef6a,p_own_1840,bot_start,2026-08-11 21:08:44.426335444,start=p_own_1840,deterministic,0,synthetic
775,88ca01942112f74d,p_own_1840,bot_start,2026-08-11 21:30:37.754244660,start=p_own_1840,deterministic,0,synthetic
776,0ff855970a377ef6,p_own_1837,bot_start,2026-08-11 22:25:00.195599156,start=p_own_1837,deterministic,1,synthetic
777,aca1a0df3482d1ba,p_own_1843,bot_start,2026-08-11 22:26:49.676531240,start=p_own_1843,deterministic,0,synthetic
778,ca7f626ecb8b4c02,p_own_1843,bot_start,2026-08-11 22:29:42.879147790,start=p_own_1843,deterministic,0,synthetic
779,ea7bc82e298abfb2,p_own_1840,manager_chat_open,2026-08-11 22:32:48.440559090,start=p_own_1840,deterministic,0,synthetic
780,5417785a55b81878,p_own_1840,manager_chat_open,2026-08-11 22:56:00.246486196,start=p_own_1840,deterministic,0,synthetic
781,8e1f133487373eff,p_own_1840,promo_code_used,2026-08-11 23:23:29.738957045,start=p_own_1840,deterministic,1,synthetic
782,031116b87f4dccb8,p_own_1840,manager_chat_open,2026-08-12 00:24:19.577677906,start=p_own_1840,deterministic,0,synthetic
783,f35a0f49bf90bbe7,p_own_1833,bot_start,2026-08-12 00:41:25.030443259,start=p_own_1833,deterministic,1,synthetic
784,d4806a2fcae08dca,p_ext_ds_memes_0808,promo_code_used,2026-08-12 01:05:07.392905326,start=p_ext_ds_memes_0808,deterministic,0,synthetic
785,54a922c564546e66,p_own_1838,bot_start,2026-08-12 01:41:14.440447831,start=p_own_1838,deterministic,0,synthetic
786,98b0be83f8ed7c0c,p_own_1843,manager_chat_open,2026-08-12 02:29:36.146117890,start=p_own_1843,deterministic,0,synthetic
787,debef1f7161c8581,p_own_1843,promo_code_used,2026-08-12 02:35:10.198452504,start=p_own_1843,deterministic,0,synthetic
788,35d63f55452dc10d,p_own_1836,manager_chat_open,2026-08-12 02:54:09.121960082,start=p_own_1836,deterministic,1,synthetic
789,a79bd9469dd2da1a,p_own_1843,bot_start,2026-08-12 02:59:59.857881271,start=p_own_1843,deterministic,0,synthetic
790,4e6d24cca670e68a,p_own_1838,bot_start,2026-08-12 03:42:39.737143810,start=p_own_1838,deterministic,0,synthetic
791,f17591af9a43be9e,p_own_1840,bot_start,2026-08-12 03:50:04.655207603,start=p_own_1840,deterministic,0,synthetic
792,2a2138d66dbee8b7,p_own_1837,manager_chat_open,2026-08-12 04:10:58.280685424,start=p_own_1837,deterministic,0,synthetic
793,2dc0ebbd9aec02eb,p_own_1843,bot_start,2026-08-12 04:24:56.704198793,start=p_own_1843,deterministic,0,synthetic
794,c8342def76ca95b0,p_own_1838,bot_start,2026-08-12 04:54:59.093412696,start=p_own_1838,deterministic,0,synthetic
795,525df39602c39dec,p_own_1843,manager_chat_open,2026-08-12 05:06:12.878172962,start=p_own_1843,deterministic,0,synthetic
796,450bb3db1976c6da,p_own_1838,bot_start,2026-08-12 05:09:41.287249196,start=p_own_1838,deterministic,0,synthetic
797,421e31857307d035,p_own_1840,bot_start,2026-08-12 05:26:43.232384158,start=p_own_1840,deterministic,0,synthetic
798,46be96aa4a4c8ba3,p_own_1837,bot_start,2026-08-12 05:27:55.539266144,start=p_own_1837,deterministic,0,synthetic
799,73fa3664a9b2edfe,p_own_1843,manager_chat_open,2026-08-12 07:17:46.301795622,start=p_own_1843,deterministic,0,synthetic
800,66c67400008160ee,p_own_1838,promo_code_used,2026-08-12 07:55:07.543648318,start=p_own_1838,deterministic,0,synthetic
801,bcf107da04bc7918,p_ext_it_jobs_0807,bot_start,2026-08-12 08:01:02.543350066,start=p_ext_it_jobs_0807,deterministic,1,synthetic
802,31292a96ccb4ffbe,p_own_1838,bot_start,2026-08-12 08:22:57.689031416,start=p_own_1838,deterministic,0,synthetic
803,99f37bb3feedbdcb,p_own_1827,manager_chat_open,2026-08-12 08:56:48.973234680,start=p_own_1827,deterministic,1,synthetic
804,b65f8c0e3a9b8ed8,p_own_1843,promo_code_used,2026-08-12 08:59:33.867819807,start=p_own_1843,deterministic,0,synthetic
805,aed0f5f3874599c8,p_own_1843,bot_start,2026-08-12 09:18:34.474826870,start=p_own_1843,deterministic,0,synthetic
806,a54a64deac8ad879,p_own_1840,manager_chat_open,2026-08-12 09:36:20.490509973,start=p_own_1840,deterministic,1,synthetic
807,630e44313737e421,p_own_1838,manager_chat_open,2026-08-12 09:54:00.290522148,start=p_own_1838,deterministic,0,synthetic
808,cf8458f178bb88bb,p_own_1838,manager_chat_open,2026-08-12 11:00:30.809708587,start=p_own_1838,deterministic,0,synthetic
809,347ca8989df5e126,p_ext_it_jobs_0807,bot_start,2026-08-12 11:23:57.547257371,start=p_ext_it_jobs_0807,deterministic,1,synthetic
810,f8bcbc5cc01a5888,p_own_1836,bot_start,2026-08-12 12:01:53.055487909,start=p_own_1836,deterministic,0,synthetic
811,f328e89411aa90b6,p_own_1840,bot_start,2026-08-12 12:36:33.851125421,start=p_own_1840,deterministic,0,synthetic
812,16e36508cece477f,p_own_1840,manager_chat_open,2026-08-12 13:54:19.268806450,start=p_own_1840,deterministic,1,synthetic
813,08ee11a933b173a1,p_own_1840,manager_chat_open,2026-08-12 14:07:39.488979538,start=p_own_1840,deterministic,0,synthetic
814,d54850d05cd6c0e0,p_own_1843,bot_start,2026-08-12 14:16:06.313165384,start=p_own_1843,deterministic,0,synthetic
815,b43677ebe34d3281,p_ext_it_jobs_0807,manager_chat_open,2026-08-12 14:27:12.151565972,start=p_ext_it_jobs_0807,deterministic,1,synthetic
816,64b853cf69327142,p_own_1843,bot_start,2026-08-12 14:37:38.140352469,start=p_own_1843,deterministic,0,synthetic
817,692e62fa657adb00,p_own_1843,promo_code_used,2026-08-12 15:19:06.784369441,start=p_own_1843,deterministic,0,synthetic
818,1b5c37dbecae0511,p_own_1843,bot_start,2026-08-12 17:41:49.726447840,start=p_own_1843,deterministic,0,synthetic
819,1fd6203d39802ab0,p_own_1836,bot_start,2026-08-12 18:04:07.596896596,start=p_own_1836,deterministic,0,synthetic
820,27524855746168e4,p_own_1843,promo_code_used,2026-08-12 19:09:10.066346294,start=p_own_1843,deterministic,0,synthetic
821,a734924a8535979e,p_own_1840,bot_start,2026-08-12 19:29:12.786864258,start=p_own_1840,deterministic,1,synthetic
822,f07f6395fba3fcfa,p_own_1836,manager_chat_open,2026-08-12 19:46:30.791504738,start=p_own_1836,deterministic,1,synthetic
823,429d7d2c821693dd,p_own_1843,bot_start,2026-08-12 20:33:25.947497139,start=p_own_1843,deterministic,0,synthetic
824,1d3629724c241319,p_own_1840,bot_start,2026-08-12 21:17:41.124782639,start=p_own_1840,deterministic,0,synthetic
825,9975da9987f36ec8,p_own_1838,bot_start,2026-08-12 21:41:25.772427105,start=p_own_1838,deterministic,0,synthetic
826,33bef5384416dde4,p_own_1837,manager_chat_open,2026-08-12 22:09:54.494349342,start=p_own_1837,deterministic,0,synthetic
827,485672eb0ff33659,p_own_1837,bot_start,2026-08-12 23:03:51.363993938,start=p_own_1837,deterministic,0,synthetic
828,313e6cdb380181da,p_own_1836,manager_chat_open,2026-08-12 23:51:07.400533061,start=p_own_1836,deterministic,0,synthetic
829,e6fad2e9949e0d4b,p_own_1843,bot_start,2026-08-12 23:55:03.772572507,start=p_own_1843,deterministic,0,synthetic
830,53fc0b9fe4e1079d,p_own_1833,manager_chat_open,2026-08-13 00:01:40.442786830,start=p_own_1833,deterministic,1,synthetic
831,318e5a82c4c55fb0,p_own_1840,manager_chat_open,2026-08-13 00:15:31.662153002,start=p_own_1840,deterministic,0,synthetic
832,8ccef473552c2705,p_own_1840,bot_start,2026-08-13 00:18:33.521191968,start=p_own_1840,deterministic,0,synthetic
833,516bec06fd1cb4af,p_own_1836,bot_start,2026-08-13 00:36:06.305924514,start=p_own_1836,deterministic,1,synthetic
834,9f25a597d05b4065,p_own_1843,bot_start,2026-08-13 01:07:47.452002698,start=p_own_1843,deterministic,0,synthetic
835,363688759eae75ce,p_own_1838,bot_start,2026-08-13 01:30:22.742519413,start=p_own_1838,deterministic,0,synthetic
836,f691afa3d93e0405,p_own_1837,promo_code_used,2026-08-13 02:25:57.320288395,start=p_own_1837,deterministic,0,synthetic
837,9ab241f6440da136,p_own_1843,manager_chat_open,2026-08-13 03:13:57.941040713,start=p_own_1843,deterministic,0,synthetic
838,62d56787a28ea505,p_own_1838,manager_chat_open,2026-08-13 03:51:05.702358102,start=p_own_1838,deterministic,0,synthetic
839,fe81044a469836ed,p_own_1843,manager_chat_open,2026-08-13 04:19:35.010458445,start=p_own_1843,deterministic,0,synthetic
840,0ca8e6862506a991,p_own_1843,manager_chat_open,2026-08-13 04:33:00.628168951,start=p_own_1843,deterministic,0,synthetic
841,924321d6cb5a215b,p_own_1840,bot_start,2026-08-13 05:08:43.337515856,start=p_own_1840,deterministic,0,synthetic
842,21be63817a824dd2,p_own_1836,bot_start,2026-08-13 06:50:59.647608103,start=p_own_1836,deterministic,1,synthetic
843,56f92b2eae1217a4,p_own_1840,manager_chat_open,2026-08-13 07:01:27.016387622,start=p_own_1840,deterministic,0,synthetic
844,99f37bb3feedbdcb,p_own_1837,bot_start,2026-08-13 09:05:01.987689766,start=p_own_1837,deterministic,1,synthetic
845,8c64e192926b10a2,p_own_1833,bot_start,2026-08-13 09:59:36.030036923,start=p_own_1833,deterministic,1,synthetic
846,e55bce29cdfcc3d3,p_own_1840,manager_chat_open,2026-08-13 10:42:50.730990047,start=p_own_1840,deterministic,0,synthetic
847,510292d3d3330c35,p_own_1840,bot_start,2026-08-13 11:39:18.682787705,start=p_own_1840,deterministic,1,synthetic
848,5d80c09d6cee3f81,p_ext_ds_memes_0808,bot_start,2026-08-13 12:18:45.727220924,start=p_ext_ds_memes_0808,deterministic,0,synthetic
849,6b837f327b15d8c7,p_own_1840,bot_start,2026-08-13 16:53:22.555201890,start=p_own_1840,deterministic,0,synthetic
850,293e5111305c4a36,p_own_1833,bot_start,2026-08-13 17:25:52.047337730,start=p_own_1833,deterministic,1,synthetic
851,e5588b15aa35cd49,p_own_1837,bot_start,2026-08-13 20:46:48.662053559,start=p_own_1837,deterministic,1,synthetic
852,1344cf27ba4a8e81,p_own_1843,bot_start,2026-08-13 20:48:51.133300375,start=p_own_1843,deterministic,0,synthetic
853,4630e9a67fe08a00,p_own_1838,manager_chat_open,2026-08-13 20:53:33.854157491,start=p_own_1838,deterministic,0,synthetic
854,7b0cfc0b85d1fc56,p_own_1838,bot_start,2026-08-13 22:09:41.119957817,start=p_own_1838,deterministic,1,synthetic
855,c7700baabd797bde,p_own_1843,bot_start,2026-08-13 23:18:41.978229260,start=p_own_1843,deterministic,0,synthetic
856,da2b85860b0f272e,p_own_1843,manager_chat_open,2026-08-13 23:24:07.911701267,start=p_own_1843,deterministic,0,synthetic
857,c3d2ecd65b482361,p_own_1837,bot_start,2026-08-14 01:18:07.154674656,start=p_own_1837,deterministic,0,synthetic
858,0f3d46122f637e8b,p_own_1838,manager_chat_open,2026-08-14 01:20:02.841681987,start=p_own_1838,deterministic,0,synthetic
859,7022a527eccbd25c,p_own_1840,manager_chat_open,2026-08-14 02:24:57.780005980,start=p_own_1840,deterministic,0,synthetic
860,b6b95ca8572350f6,p_own_1836,manager_chat_open,2026-08-14 02:25:24.007935144,start=p_own_1836,deterministic,1,synthetic
861,330030520fc9717f,p_own_1840,bot_start,2026-08-14 02:57:57.987502550,start=p_own_1840,deterministic,0,synthetic
862,d12eaaf3aac41650,p_own_1838,bot_start,2026-08-14 04:08:56.472145982,start=p_own_1838,deterministic,0,synthetic
863,42ea208f748b1364,p_own_1840,bot_start,2026-08-14 05:26:14.668121581,start=p_own_1840,deterministic,0,synthetic
864,be6c5d6c44be8256,p_own_1833,bot_start,2026-08-14 05:43:16.901998378,start=p_own_1833,deterministic,1,synthetic
865,8f4725b34b4f45b5,p_own_1843,bot_start,2026-08-14 05:57:03.024656912,start=p_own_1843,deterministic,0,synthetic
866,c696974cc728bb99,p_own_1840,bot_start,2026-08-14 06:27:22.197145820,start=p_own_1840,deterministic,0,synthetic
867,de756074b5a1a12b,p_own_1843,promo_code_used,2026-08-14 06:38:33.188720561,start=p_own_1843,deterministic,0,synthetic
868,9d6515506c94637d,p_own_1843,manager_chat_open,2026-08-14 06:56:51.097879284,start=p_own_1843,deterministic,0,synthetic
869,ddfd44f9586ef32d,p_own_1843,manager_chat_open,2026-08-14 07:04:42.912122202,start=p_own_1843,deterministic,0,synthetic
870,2a3e6117e6746da6,p_own_1838,manager_chat_open,2026-08-14 07:05:29.344151218,start=p_own_1838,deterministic,0,synthetic
871,11425dc37d54f194,p_own_1827,manager_chat_open,2026-08-14 09:31:08.642885022,start=p_own_1827,deterministic,1,synthetic
872,23a3330112df7b3a,p_own_1843,promo_code_used,2026-08-14 12:39:57.448676332,start=p_own_1843,deterministic,0,synthetic
873,e069ffbcfaf93ec6,p_own_1840,bot_start,2026-08-14 13:41:17.877867798,start=p_own_1840,deterministic,0,synthetic
874,718aaca03caf2552,p_own_1840,promo_code_used,2026-08-14 15:14:22.324360508,start=p_own_1840,deterministic,1,synthetic
875,1f2326bbaadbed9f,p_own_1840,bot_start,2026-08-14 15:54:19.071877409,start=p_own_1840,deterministic,0,synthetic
876,347ca8989df5e126,p_own_1843,manager_chat_open,2026-08-14 17:50:43.794038054,start=p_own_1843,deterministic,1,synthetic
877,205e2d4cc2e242e5,p_own_1838,bot_start,2026-08-14 20:55:46.188353578,start=p_own_1838,deterministic,1,synthetic
878,1961e8fa3045bbcf,p_ext_it_jobs_0807,manager_chat_open,2026-08-14 23:00:44.636408550,start=p_ext_it_jobs_0807,deterministic,1,synthetic
879,556048b194a69ec8,p_own_1840,promo_code_used,2026-08-14 23:02:42.061688531,start=p_own_1840,deterministic,1,synthetic
880,67c1a39bc050c5ba,p_own_1840,bot_start,2026-08-15 01:55:33.595267155,start=p_own_1840,deterministic,0,synthetic
881,93286e594e474b21,p_own_1843,bot_start,2026-08-15 06:12:59.197690822,start=p_own_1843,deterministic,0,synthetic
882,c039f7930760ff8d,p_own_1840,bot_start,2026-08-15 10:52:32.479292335,start=p_own_1840,deterministic,0,synthetic
883,0a5e5c051b6ffb18,p_own_1843,manager_chat_open,2026-08-15 14:13:26.797708351,start=p_own_1843,deterministic,0,synthetic
884,d9fd23bb4cac0ceb,p_own_1836,manager_chat_open,2026-08-15 18:38:03.434467701,start=p_own_1836,deterministic,0,synthetic
885,16e36508cece477f,p_own_1833,manager_chat_open,2026-08-15 22:32:37.108327611,start=p_own_1833,deterministic,1,synthetic
886,76fdbeb8cdc660af,p_own_1840,bot_start,2026-08-16 03:21:20.349013614,start=p_own_1840,deterministic,0,synthetic
887,1601abdf89638e90,p_own_1840,manager_chat_open,2026-08-16 05:07:47.026727701,start=p_own_1840,deterministic,1,synthetic
888,02876be7b2af984c,p_own_1843,bot_start,2026-08-16 07:17:25.221876168,start=p_own_1843,deterministic,0,synthetic
889,5c4d1d6079902cd3,p_own_1843,bot_start,2026-08-16 09:03:30.299576107,start=p_own_1843,deterministic,1,synthetic
890,96f3d764e38a495d,p_own_1836,manager_chat_open,2026-08-16 14:10:27.387268802,start=p_own_1836,deterministic,1,synthetic
891,0c6222276c4f306a,p_own_1852,bot_start,2026-08-16 19:44:39.000000000,start=p_own_1852,deterministic,1,synthetic
892,dcb61c5ff7b47b93,p_own_1852,bot_start,2026-08-16 19:44:39.000000000,start=p_own_1852,deterministic,1,synthetic
893,a972f8c38ab32f84,p_own_1852,manager_chat_open,2026-08-16 19:44:39.000000000,start=p_own_1852,deterministic,1,synthetic
894,7c3cd6d2916c6f09,p_own_1852,bot_start,2026-08-16 19:51:56.182748340,start=p_own_1852,deterministic,0,synthetic
895,5a75e3f7b6429e0c,p_own_1852,promo_code_used,2026-08-16 20:04:41.326767456,start=p_own_1852,deterministic,0,synthetic
896,ff1da7a40068cf52,p_own_1837,manager_chat_open,2026-08-16 21:16:12.336192773,start=p_own_1837,deterministic,1,synthetic
897,03d1eef5ef1352ad,p_own_1852,bot_start,2026-08-16 21:32:54.639868822,start=p_own_1852,deterministic,0,synthetic
898,38be6ab76d4bef2e,p_own_1852,bot_start,2026-08-16 22:12:27.057759361,start=p_own_1852,deterministic,0,synthetic
899,231b4400dfd4d08f,p_own_1852,bot_start,2026-08-16 22:57:17.384787534,start=p_own_1852,deterministic,0,synthetic
900,141a36b73d21daa2,p_own_1852,bot_start,2026-08-17 00:01:44.608195912,start=p_own_1852,deterministic,0,synthetic
901,094259310239572b,p_own_1838,manager_chat_open,2026-08-17 00:09:36.524570853,start=p_own_1838,deterministic,1,synthetic
902,9dd9e27fa8bc505b,p_own_1852,bot_start,2026-08-17 00:51:51.520849044,start=p_own_1852,deterministic,1,synthetic
903,245caeae9b701f49,p_own_1852,promo_code_used,2026-08-17 01:03:55.307310173,start=p_own_1852,deterministic,0,synthetic
904,847e523b35302025,p_own_1852,promo_code_used,2026-08-17 01:26:51.624486115,start=p_own_1852,deterministic,0,synthetic
905,763b2241483bc390,p_own_1852,bot_start,2026-08-17 02:23:34.538131376,start=p_own_1852,deterministic,0,synthetic
906,62dc7b22819cd533,p_own_1843,bot_start,2026-08-17 02:29:26.238904955,start=p_own_1843,deterministic,1,synthetic
907,bc72e2285d744f3a,p_own_1852,bot_start,2026-08-17 03:43:56.489344549,start=p_own_1852,deterministic,0,synthetic
908,dcd037eea005ba60,p_own_1852,promo_code_used,2026-08-17 06:04:49.335625501,start=p_own_1852,deterministic,0,synthetic
909,e5772e5f06cf4e98,p_own_1852,bot_start,2026-08-17 06:22:47.833877218,start=p_own_1852,deterministic,0,synthetic
910,b30d80afcb16c1de,p_own_1852,bot_start,2026-08-17 06:54:43.334270456,start=p_own_1852,deterministic,0,synthetic
911,f48da0c20c46e9fa,p_own_1852,bot_start,2026-08-17 06:59:15.475303354,start=p_own_1852,deterministic,0,synthetic
912,667e56dff031c8a2,p_own_1838,bot_start,2026-08-17 10:03:16.696326571,start=p_own_1838,deterministic,1,synthetic
913,d0ebea5c8e4fa0ec,p_own_1852,bot_start,2026-08-17 10:24:39.989981765,start=p_own_1852,deterministic,0,synthetic
914,cd88cf31563041a1,p_own_1843,bot_start,2026-08-17 18:31:48.330896351,start=p_own_1843,deterministic,1,synthetic
915,9d1cbd9901086152,p_ext_it_jobs_0807,manager_chat_open,2026-08-17 18:47:06.858164298,start=p_ext_it_jobs_0807,deterministic,1,synthetic
916,9340c4ba86a99199,p_own_1852,bot_start,2026-08-17 22:26:26.919777936,start=p_own_1852,deterministic,0,synthetic
917,556048b194a69ec8,p_own_1827,bot_start,2026-08-18 00:48:08.039271423,start=p_own_1827,deterministic,1,synthetic
918,35b7593ff7ccae74,p_own_1852,bot_start,2026-08-18 01:09:53.428854358,start=p_own_1852,deterministic,0,synthetic
919,977a4c2f3c2a1421,p_own_1852,bot_start,2026-08-18 01:17:36.475960355,start=p_own_1852,deterministic,0,synthetic
920,ac1a1ddec75f621d,p_own_1840,promo_code_used,2026-08-18 01:40:12.335771798,start=p_own_1840,deterministic,1,synthetic
921,92156ab7d000d2e1,p_own_1852,bot_start,2026-08-18 03:07:18.411446076,start=p_own_1852,deterministic,0,synthetic
922,ff1da7a40068cf52,p_own_1852,bot_start,2026-08-18 03:35:53.762086542,start=p_own_1852,deterministic,1,synthetic
923,b18e70f28d66ba6e,p_own_1852,bot_start,2026-08-18 04:10:02.778665485,start=p_own_1852,deterministic,0,synthetic
924,a2a9425d731d55e3,p_own_1840,bot_start,2026-08-18 05:23:43.406710548,start=p_own_1840,deterministic,1,synthetic
925,f07f6395fba3fcfa,p_own_1852,manager_chat_open,2026-08-18 06:08:07.571430389,start=p_own_1852,deterministic,1,synthetic
926,0a9b93f80a6e24d9,p_own_1852,bot_start,2026-08-18 09:58:06.205575401,start=p_own_1852,deterministic,0,synthetic
927,03e96f4ec5997929,p_own_1827,bot_start,2026-08-18 15:52:56.566657066,start=p_own_1827,deterministic,1,synthetic
928,d6886b04d0ab0aed,p_own_1852,bot_start,2026-08-18 17:24:54.378655909,start=p_own_1852,deterministic,0,synthetic
929,ca05d1ee8c4d36ac,p_own_1852,bot_start,2026-08-18 23:13:44.337231910,start=p_own_1852,deterministic,0,synthetic
930,41f29b0090efb2c3,p_own_1852,manager_chat_open,2026-08-19 01:33:47.672324177,start=p_own_1852,deterministic,0,synthetic
931,5a7f63eab033f418,p_own_1833,manager_chat_open,2026-08-19 03:57:17.850988936,start=p_own_1833,deterministic,1,synthetic
932,516bec06fd1cb4af,p_own_1843,bot_start,2026-08-19 04:25:08.733018158,start=p_own_1843,deterministic,1,synthetic
933,b7a6c4dd0fa1be8e,p_own_1852,bot_start,2026-08-19 08:12:40.438420814,start=p_own_1852,deterministic,1,synthetic
934,a972f8c38ab32f84,p_ext_ds_memes_0808,manager_chat_open,2026-08-19 08:38:27.511672038,start=p_ext_ds_memes_0808,deterministic,1,synthetic
935,dcb61c5ff7b47b93,p_own_1840,bot_start,2026-08-19 11:05:18.024795758,start=p_own_1840,deterministic,1,synthetic
936,01fadd6dc6393ee8,p_own_1852,bot_start,2026-08-19 11:19:07.037678179,start=p_own_1852,deterministic,0,synthetic
937,b43677ebe34d3281,p_ext_ds_memes_0808,bot_start,2026-08-19 12:16:44.978629073,start=p_ext_ds_memes_0808,deterministic,1,synthetic
938,812b811d39806ddf,p_own_1852,manager_chat_open,2026-08-20 00:47:20.303258491,start=p_own_1852,deterministic,0,synthetic
939,fe7bef7c967ce9f9,p_own_1852,manager_chat_open,2026-08-20 01:03:20.183675946,start=p_own_1852,deterministic,1,synthetic
940,b11e01066ebd9d65,p_own_1838,bot_start,2026-08-20 05:57:00.139721923,start=p_own_1838,deterministic,1,synthetic
941,6ffef28643440e4e,p_ext_ds_memes_0808,bot_start,2026-08-20 08:40:50.392012698,start=p_ext_ds_memes_0808,deterministic,1,synthetic
942,62dc7b22819cd533,p_own_1852,bot_start,2026-08-20 08:49:37.370184517,start=p_own_1852,deterministic,1,synthetic
943,60f7977034a8ed29,p_own_1852,bot_start,2026-08-20 08:58:56.184157979,start=p_own_1852,deterministic,1,synthetic
944,6a47c8733989e399,p_own_1852,manager_chat_open,2026-08-20 11:18:16.260633445,start=p_own_1852,deterministic,1,synthetic
945,853ca18f69a3cd18,p_own_1852,bot_start,2026-08-20 13:24:03.924801128,start=p_own_1852,deterministic,1,synthetic
946,61ff5988d6988c3f,p_own_1852,bot_start,2026-08-20 15:22:26.854412293,start=p_own_1852,deterministic,0,synthetic
947,eaeb25f1923ccfb2,p_own_1852,manager_chat_open,2026-08-20 16:17:21.956190294,start=p_own_1852,deterministic,0,synthetic
948,e5f51f202452d0e1,p_own_1852,bot_start,2026-08-20 18:23:24.292186673,start=p_own_1852,deterministic,1,synthetic
949,be6c5d6c44be8256,p_ext_ds_memes_0808,promo_code_used,2026-08-20 19:53:03.448203622,start=p_ext_ds_memes_0808,deterministic,1,synthetic
950,eaa10ebd17c9dfa7,p_own_1840,bot_start,2026-08-21 02:01:56.646946286,start=p_own_1840,deterministic,1,synthetic
951,6ee619bcee11ab91,p_own_1852,manager_chat_open,2026-08-21 16:16:46.738699491,start=p_own_1852,deterministic,1,synthetic
952,da44ea408f28c390,p_ext_stud_life_0821,bot_start,2026-08-21 18:05:00.000000000,start=p_ext_stud_life_0821,deterministic,1,synthetic
953,f54c32b84a8f7f7d,p_ext_stud_life_0821,manager_chat_open,2026-08-21 18:05:00.000000000,start=p_ext_stud_life_0821,deterministic,1,synthetic
954,ac1a1ddec75f621d,p_ext_stud_life_0821,bot_start,2026-08-21 18:05:00.000000000,start=p_ext_stud_life_0821,deterministic,1,synthetic
955,081f4dff906842c2,p_ext_stud_life_0821,bot_start,2026-08-21 18:05:00.000000000,start=p_ext_stud_life_0821,deterministic,1,synthetic
956,c8b2191ddfd5e8cb,p_ext_stud_life_0821,bot_start,2026-08-21 18:05:00.000000000,start=p_ext_stud_life_0821,deterministic,1,synthetic
957,9916391b87f43cc6,p_ext_stud_life_0821,bot_start,2026-08-21 21:19:52.685154568,start=p_ext_stud_life_0821,deterministic,0,synthetic
958,858bd4d38a90dfc6,p_ext_stud_life_0821,bot_start,2026-08-21 22:05:22.336019854,start=p_ext_stud_life_0821,deterministic,1,synthetic
959,e10bce37e79bebe6,p_own_1852,manager_chat_open,2026-08-21 22:36:44.703342963,start=p_own_1852,deterministic,1,synthetic
960,ce363acffedbc266,p_own_1838,manager_chat_open,2026-08-21 22:41:56.347725270,start=p_own_1838,deterministic,1,synthetic
961,231d85fd50fc86ae,p_ext_stud_life_0821,bot_start,2026-08-22 01:10:31.211541850,start=p_ext_stud_life_0821,deterministic,0,synthetic
962,fe0e30faecde0a05,p_ext_stud_life_0821,manager_chat_open,2026-08-22 01:20:47.321717147,start=p_ext_stud_life_0821,deterministic,0,synthetic
963,24bf2344b1d78548,p_ext_stud_life_0821,manager_chat_open,2026-08-22 03:39:47.023503031,start=p_ext_stud_life_0821,deterministic,0,synthetic
964,a3a2bf081dc9f2f0,p_own_1843,bot_start,2026-08-22 04:59:38.162882728,start=p_own_1843,deterministic,1,synthetic
965,260858a4db6de217,p_ext_stud_life_0821,manager_chat_open,2026-08-22 05:40:57.438972661,start=p_ext_stud_life_0821,deterministic,0,synthetic
966,ca39fcda4639aba9,p_ext_stud_life_0821,manager_chat_open,2026-08-22 07:06:20.523543837,start=p_ext_stud_life_0821,deterministic,0,synthetic
967,eaa10ebd17c9dfa7,p_own_1843,manager_chat_open,2026-08-22 07:46:02.619247452,start=p_own_1843,deterministic,1,synthetic
968,d37e2724fadc2c3e,p_ext_stud_life_0821,bot_start,2026-08-22 09:05:59.559846251,start=p_ext_stud_life_0821,deterministic,0,synthetic
969,8cf132702332186c,p_ext_stud_life_0821,bot_start,2026-08-22 09:19:37.505198795,start=p_ext_stud_life_0821,deterministic,0,synthetic
970,74c15dee3ee9367b,p_own_1840,bot_start,2026-08-22 09:33:03.321886405,start=p_own_1840,deterministic,1,synthetic
971,af7703286c48c43b,p_own_1837,bot_start,2026-08-22 09:44:26.824727672,start=p_own_1837,deterministic,1,synthetic
972,1ab97dbd2533c85b,p_ext_stud_life_0821,bot_start,2026-08-22 09:53:47.535082952,start=p_ext_stud_life_0821,deterministic,0,synthetic
973,0f79673b01ba8676,p_ext_it_jobs_0822,bot_start,2026-08-22 10:05:00.000000000,start=p_ext_it_jobs_0822,deterministic,1,synthetic
974,469c355007171ff6,p_ext_it_jobs_0822,manager_chat_open,2026-08-22 10:05:00.000000000,start=p_ext_it_jobs_0822,deterministic,1,synthetic
975,0c6222276c4f306a,p_ext_it_jobs_0822,bot_start,2026-08-22 10:05:00.000000000,start=p_ext_it_jobs_0822,deterministic,1,synthetic
976,41b29277d0cfb6eb,p_ext_it_jobs_0822,bot_start,2026-08-22 10:05:00.000000000,start=p_ext_it_jobs_0822,deterministic,1,synthetic
977,21be63817a824dd2,p_ext_it_jobs_0822,manager_chat_open,2026-08-22 10:05:00.000000000,start=p_ext_it_jobs_0822,deterministic,1,synthetic
978,1cf87a6e39a52713,p_ext_it_jobs_0822,manager_chat_open,2026-08-22 10:05:00.000000000,start=p_ext_it_jobs_0822,deterministic,1,synthetic
979,5a6e3ec5251018f7,p_ext_it_jobs_0822,bot_start,2026-08-22 10:05:00.000000000,start=p_ext_it_jobs_0822,deterministic,1,synthetic
980,f8c85eb2f1b23a79,p_ext_it_jobs_0822,bot_start,2026-08-22 10:05:00.000000000,start=p_ext_it_jobs_0822,deterministic,1,synthetic
981,ac1a1ddec75f621d,p_ext_it_jobs_0822,bot_start,2026-08-22 10:05:00.000000000,start=p_ext_it_jobs_0822,deterministic,1,synthetic
982,e9faa04fc47d532f,p_ext_it_jobs_0822,bot_start,2026-08-22 10:05:00.000000000,start=p_ext_it_jobs_0822,deterministic,1,synthetic
983,c322966b2621daff,p_ext_it_jobs_0822,manager_chat_open,2026-08-22 10:05:00.000000000,start=p_ext_it_jobs_0822,deterministic,1,synthetic
984,314721df669c7041,p_ext_it_jobs_0822,bot_start,2026-08-22 10:05:00.000000000,start=p_ext_it_jobs_0822,deterministic,1,synthetic
985,853ca18f69a3cd18,p_ext_it_jobs_0822,manager_chat_open,2026-08-22 10:05:00.000000000,start=p_ext_it_jobs_0822,deterministic,1,synthetic
986,5f0e67724a89fa8b,p_ext_it_jobs_0822,bot_start,2026-08-22 10:05:00.000000000,start=p_ext_it_jobs_0822,deterministic,1,synthetic
987,a2a9425d731d55e3,p_ext_it_jobs_0822,bot_start,2026-08-22 10:05:00.000000000,start=p_ext_it_jobs_0822,deterministic,1,synthetic
988,bd5a1b0c1f13f972,p_ext_it_jobs_0822,promo_code_used,2026-08-22 10:05:00.000000000,start=p_ext_it_jobs_0822,deterministic,1,synthetic
989,6180e3a82a0683e3,p_ext_it_jobs_0822,bot_start,2026-08-22 10:05:00.000000000,start=p_ext_it_jobs_0822,deterministic,1,synthetic
990,df2fa1641adc711c,p_ext_it_jobs_0822,manager_chat_open,2026-08-22 10:05:17.617672793,start=p_ext_it_jobs_0822,deterministic,0,synthetic
991,f5b058422ff59b6d,p_ext_it_jobs_0822,manager_chat_open,2026-08-22 10:17:51.979911030,start=p_ext_it_jobs_0822,deterministic,0,synthetic
992,bce8cf21f32abebf,p_ext_it_jobs_0822,bot_start,2026-08-22 10:20:12.003995262,start=p_ext_it_jobs_0822,deterministic,0,synthetic
993,4cd9fdded8bd6503,p_own_1852,promo_code_used,2026-08-22 10:31:06.941145400,start=p_own_1852,deterministic,1,synthetic
994,6bd9286b3204899e,p_ext_stud_life_0821,bot_start,2026-08-22 10:37:58.052562571,start=p_ext_stud_life_0821,deterministic,0,synthetic
995,924b9c40127bd116,p_ext_it_jobs_0822,bot_start,2026-08-22 10:46:40.794028775,start=p_ext_it_jobs_0822,deterministic,0,synthetic
996,151881d57abee53c,p_ext_it_jobs_0822,manager_chat_open,2026-08-22 11:00:11.079755746,start=p_ext_it_jobs_0822,deterministic,0,synthetic
997,f1ba73797075a62e,p_ext_stud_life_0821,bot_start,2026-08-22 12:13:53.534756811,start=p_ext_stud_life_0821,deterministic,0,synthetic
998,95cd91e96b97b7ad,p_ext_it_jobs_0822,manager_chat_open,2026-08-22 12:19:19.509903640,start=p_ext_it_jobs_0822,deterministic,0,synthetic
999,6ee619bcee11ab91,p_own_1859,manager_chat_open,2026-08-22 13:24:48.000000000,start=p_own_1859,deterministic,1,synthetic
1000,2316d6420b44a773,p_own_1859,promo_code_used,2026-08-22 13:24:48.000000000,start=p_own_1859,deterministic,1,synthetic
1001,76be026ffd3fb9ab,p_own_1859,bot_start,2026-08-22 13:24:48.000000000,start=p_own_1859,deterministic,1,synthetic
1002,610a37ea0a24ea69,p_own_1859,manager_chat_open,2026-08-22 13:24:48.000000000,start=p_own_1859,deterministic,1,synthetic
1003,39e8be36ac084488,p_own_1859,manager_chat_open,2026-08-22 13:24:48.000000000,start=p_own_1859,deterministic,1,synthetic
1004,eaff8c6d941253e3,p_own_1859,bot_start,2026-08-22 13:24:48.000000000,start=p_own_1859,deterministic,1,synthetic
1005,853ca18f69a3cd18,p_own_1859,bot_start,2026-08-22 13:24:48.000000000,start=p_own_1859,deterministic,1,synthetic
1006,979fc203c1968abc,p_own_1859,bot_start,2026-08-22 13:24:48.000000000,start=p_own_1859,deterministic,1,synthetic
1007,23d219c90257a64d,p_own_1859,bot_start,2026-08-22 13:24:48.000000000,start=p_own_1859,deterministic,1,synthetic
1008,8822f95e92b3432c,p_own_1859,bot_start,2026-08-22 13:24:48.000000000,start=p_own_1859,deterministic,1,synthetic
1009,186b4592210fb967,p_own_1859,manager_chat_open,2026-08-22 13:24:48.000000000,start=p_own_1859,deterministic,1,synthetic
1010,5a6e3ec5251018f7,p_own_1859,promo_code_used,2026-08-22 13:24:48.000000000,start=p_own_1859,deterministic,1,synthetic
1011,56b0acd90eb99812,p_own_1859,bot_start,2026-08-22 13:24:48.000000000,start=p_own_1859,deterministic,1,synthetic
1012,21ff668c43efe3f5,p_own_1859,bot_start,2026-08-22 13:24:48.000000000,start=p_own_1859,deterministic,1,synthetic
1013,2bc540527f89114a,p_own_1859,manager_chat_open,2026-08-22 13:24:48.000000000,start=p_own_1859,deterministic,1,synthetic
1014,469c355007171ff6,p_own_1859,manager_chat_open,2026-08-22 13:24:48.000000000,start=p_own_1859,deterministic,1,synthetic
1015,ac158204c88e95a9,p_own_1859,manager_chat_open,2026-08-22 13:24:48.000000000,start=p_own_1859,deterministic,1,synthetic
1016,2dbfdfb1d217964f,p_own_1859,bot_start,2026-08-22 13:24:48.000000000,start=p_own_1859,deterministic,1,synthetic
1017,2092aa1dd918e4c2,p_own_1859,bot_start,2026-08-22 13:24:48.000000000,start=p_own_1859,deterministic,1,synthetic
1018,2bb442682278bf67,p_own_1859,promo_code_used,2026-08-22 13:24:48.000000000,start=p_own_1859,deterministic,1,synthetic
1019,ce33cf9275cf217b,p_own_1859,manager_chat_open,2026-08-22 13:24:48.000000000,start=p_own_1859,deterministic,1,synthetic
1020,f8c85eb2f1b23a79,p_own_1859,bot_start,2026-08-22 13:24:48.000000000,start=p_own_1859,deterministic,1,synthetic
1021,74c15dee3ee9367b,p_own_1859,bot_start,2026-08-22 13:24:48.000000000,start=p_own_1859,deterministic,1,synthetic
1022,86507ba4eeffc0c3,p_own_1859,bot_start,2026-08-22 13:24:48.000000000,start=p_own_1859,deterministic,1,synthetic
1023,bd5a1b0c1f13f972,p_own_1859,bot_start,2026-08-22 13:24:48.000000000,start=p_own_1859,deterministic,1,synthetic
1024,98a93d442d8e1e55,p_ext_it_jobs_0822,bot_start,2026-08-22 13:45:49.733880500,start=p_ext_it_jobs_0822,deterministic,0,synthetic
1025,5ae7b85bbf231993,p_own_1859,manager_chat_open,2026-08-22 14:22:32.905207601,start=p_own_1859,deterministic,0,synthetic
1026,29b7e6da1bffb4fd,p_own_1859,bot_start,2026-08-22 14:26:48.146043300,start=p_own_1859,deterministic,0,synthetic
1027,0d75f141bf1598fb,p_own_1859,bot_start,2026-08-22 14:58:22.044028703,start=p_own_1859,deterministic,0,synthetic
1028,5ad09a5765339a1d,p_own_1859,bot_start,2026-08-22 14:59:01.827158697,start=p_own_1859,deterministic,0,synthetic
1029,eaf912cc33351ca9,p_own_1852,promo_code_used,2026-08-22 15:07:56.133264920,start=p_own_1852,deterministic,0,synthetic
1030,1bb02287364f754f,p_ext_it_jobs_0822,bot_start,2026-08-22 15:16:23.728924048,start=p_ext_it_jobs_0822,deterministic,0,synthetic
1031,c54131badde5dce2,p_own_1859,manager_chat_open,2026-08-22 15:30:25.447011173,start=p_own_1859,deterministic,0,synthetic
1032,d400dd8322888e54,p_own_1859,manager_chat_open,2026-08-22 15:49:28.629060770,start=p_own_1859,deterministic,1,synthetic
1033,54a2143ecfd26185,p_ext_it_jobs_0822,manager_chat_open,2026-08-22 16:05:32.109163383,start=p_ext_it_jobs_0822,deterministic,0,synthetic
1034,de15b338f88ad611,p_ext_stud_life_0821,manager_chat_open,2026-08-22 16:16:21.429605382,start=p_ext_stud_life_0821,deterministic,0,synthetic
1035,87458a6a0792f8bd,p_own_1859,bot_start,2026-08-22 16:22:35.691140027,start=p_own_1859,deterministic,1,synthetic
1036,2d5ed97cfbd66957,p_own_1859,manager_chat_open,2026-08-22 16:31:06.102096399,start=p_own_1859,deterministic,0,synthetic
1037,c89877045b0a2895,p_own_1859,manager_chat_open,2026-08-22 17:38:17.559788243,start=p_own_1859,deterministic,1,synthetic
1038,af67e2d5736b5728,p_own_1859,manager_chat_open,2026-08-22 17:58:16.958309407,start=p_own_1859,deterministic,0,synthetic
1039,d0d9d14b7baf3993,p_own_1859,bot_start,2026-08-22 18:19:30.686659164,start=p_own_1859,deterministic,0,synthetic
1040,505ec7acd145e31d,p_own_1859,bot_start,2026-08-22 18:21:50.005861012,start=p_own_1859,deterministic,0,synthetic
1041,8c0dde4ed89d9c4b,p_own_1859,bot_start,2026-08-22 18:41:46.128996234,start=p_own_1859,deterministic,0,synthetic
1042,f56204551314f3fd,p_own_1859,promo_code_used,2026-08-22 18:56:17.269306043,start=p_own_1859,deterministic,0,synthetic
1043,4993dc7dd0267faa,p_own_1859,bot_start,2026-08-22 19:14:36.340608162,start=p_own_1859,deterministic,0,synthetic
1044,0f78f9f0bba89277,p_ext_it_jobs_0822,bot_start,2026-08-22 19:29:19.408253508,start=p_ext_it_jobs_0822,deterministic,0,synthetic
1045,e21c3c9d24ce3f70,p_ext_stud_life_0821,bot_start,2026-08-22 19:34:57.113829613,start=p_ext_stud_life_0821,deterministic,0,synthetic
1046,0c6222276c4f306a,p_own_1859,bot_start,2026-08-22 19:40:38.732612198,start=p_own_1859,deterministic,1,synthetic
1047,2a946f2301e075bc,p_own_1859,manager_chat_open,2026-08-22 20:27:06.251817589,start=p_own_1859,deterministic,0,synthetic
1048,cd0ce7b666efba31,p_own_1859,bot_start,2026-08-22 20:40:06.832417956,start=p_own_1859,deterministic,0,synthetic
1049,c9167758284b6079,p_own_1859,promo_code_used,2026-08-22 21:40:21.793320226,start=p_own_1859,deterministic,0,synthetic
1050,a288e5472d0ec323,p_own_1859,manager_chat_open,2026-08-22 22:10:29.701389689,start=p_own_1859,deterministic,0,synthetic
1051,eb8e41732aa3f30c,p_ext_it_jobs_0822,bot_start,2026-08-22 22:16:12.462459394,start=p_ext_it_jobs_0822,deterministic,0,synthetic
1052,20f43cfc98c3551d,p_ext_it_jobs_0822,bot_start,2026-08-22 23:42:57.977879365,start=p_ext_it_jobs_0822,deterministic,0,synthetic
1053,967c560b1028dcf3,p_ext_it_jobs_0822,manager_chat_open,2026-08-23 00:16:00.557935581,start=p_ext_it_jobs_0822,deterministic,0,synthetic
1054,1a36723de8770aff,p_own_1859,bot_start,2026-08-23 00:22:33.575152206,start=p_own_1859,deterministic,0,synthetic
1055,97fbc471fb78dbb3,p_ext_it_jobs_0822,bot_start,2026-08-23 00:30:08.622726257,start=p_ext_it_jobs_0822,deterministic,0,synthetic
1056,6a37e70f1ec65a0c,p_own_1859,bot_start,2026-08-23 00:31:18.508961850,start=p_own_1859,deterministic,0,synthetic
1057,982df2fbcc585ec8,p_own_1859,bot_start,2026-08-23 00:52:41.657149998,start=p_own_1859,deterministic,0,synthetic
1058,2438cff9bfb1bff5,p_ext_it_jobs_0822,bot_start,2026-08-23 01:15:21.181143938,start=p_ext_it_jobs_0822,deterministic,0,synthetic
1059,85974e507ad16f94,p_own_1859,manager_chat_open,2026-08-23 01:19:56.629228581,start=p_own_1859,deterministic,0,synthetic
1060,7acaf66f3786371a,p_own_1859,manager_chat_open,2026-08-23 01:21:38.009526344,start=p_own_1859,deterministic,0,synthetic
1061,baf114030e968891,p_ext_it_jobs_0822,bot_start,2026-08-23 01:25:00.088738178,start=p_ext_it_jobs_0822,deterministic,0,synthetic
1062,07be95f9e9501f1c,p_ext_it_jobs_0822,bot_start,2026-08-23 01:58:25.738865857,start=p_ext_it_jobs_0822,deterministic,0,synthetic
1063,9fad04921c2b1444,p_own_1836,manager_chat_open,2026-08-23 02:18:27.176682705,start=p_own_1836,deterministic,1,synthetic
1064,b4203da4ff9d75a8,p_ext_it_jobs_0822,bot_start,2026-08-23 04:17:02.000733330,start=p_ext_it_jobs_0822,deterministic,0,synthetic
1065,7f389dbb7aae0b66,p_ext_it_jobs_0822,bot_start,2026-08-23 04:46:41.513228020,start=p_ext_it_jobs_0822,deterministic,0,synthetic
1066,bd5a1b0c1f13f972,p_own_1852,manager_chat_open,2026-08-23 05:01:01.438463903,start=p_own_1852,deterministic,1,synthetic
1067,37bf626f7babbba4,p_own_1838,bot_start,2026-08-23 05:22:23.732015517,start=p_own_1838,deterministic,1,synthetic
1068,91f77d79ddb858d5,p_ext_it_jobs_0822,manager_chat_open,2026-08-23 05:36:05.892556723,start=p_ext_it_jobs_0822,deterministic,0,synthetic
1069,4d6f33737a107e9f,p_own_1859,bot_start,2026-08-23 06:05:05.583858507,start=p_own_1859,deterministic,1,synthetic
1070,c51951110fcf8dd4,p_ext_it_jobs_0822,bot_start,2026-08-23 06:05:29.558276700,start=p_ext_it_jobs_0822,deterministic,0,synthetic
1071,42d361c1a5a30f25,p_own_1859,bot_start,2026-08-23 06:31:08.774996549,start=p_own_1859,deterministic,1,synthetic
1072,31b0078dfeda7fb8,p_own_1859,bot_start,2026-08-23 06:50:03.892093330,start=p_own_1859,deterministic,0,synthetic
1073,7a9644dfafb6cf33,p_own_1859,manager_chat_open,2026-08-23 07:04:22.758028355,start=p_own_1859,deterministic,0,synthetic
1074,fe6f4f21874bfa80,p_own_1859,bot_start,2026-08-23 07:08:33.989432813,start=p_own_1859,deterministic,0,synthetic
1075,345d313c8c20881e,p_own_1859,bot_start,2026-08-23 07:12:26.478198094,start=p_own_1859,deterministic,0,synthetic
1076,135290bd714e55ce,p_own_1859,bot_start,2026-08-23 07:14:21.708055891,start=p_own_1859,deterministic,0,synthetic
1077,85c29ab6acf9b769,p_own_1859,bot_start,2026-08-23 08:22:45.654283742,start=p_own_1859,deterministic,1,synthetic
1078,422633e782a97a40,p_own_1859,manager_chat_open,2026-08-23 08:38:14.148186890,start=p_own_1859,deterministic,0,synthetic
1079,c8b2191ddfd5e8cb,p_own_1859,manager_chat_open,2026-08-23 08:49:20.770647041,start=p_own_1859,deterministic,1,synthetic
1080,597489b4726665c9,p_own_1837,bot_start,2026-08-23 08:50:13.600695194,start=p_own_1837,deterministic,1,synthetic
1081,f65e2b9d47e79a8c,p_ext_it_jobs_0822,manager_chat_open,2026-08-23 08:53:33.627525233,start=p_ext_it_jobs_0822,deterministic,0,synthetic
1082,7b388d3c72d97221,p_own_1859,manager_chat_open,2026-08-23 09:03:45.550315555,start=p_own_1859,deterministic,0,synthetic
1083,eaff8c6d941253e3,p_ext_ml_digest_0823,bot_start,2026-08-23 09:05:00.000000000,start=p_ext_ml_digest_0823,deterministic,1,synthetic
1084,979fc203c1968abc,p_ext_ml_digest_0823,bot_start,2026-08-23 09:05:00.000000000,start=p_ext_ml_digest_0823,deterministic,1,synthetic
1085,7ea1a8ba191c98ee,p_ext_ml_digest_0823,bot_start,2026-08-23 09:05:00.000000000,start=p_ext_ml_digest_0823,deterministic,1,synthetic
1086,659f9d32fb4e9745,p_ext_ml_digest_0823,bot_start,2026-08-23 09:05:00.000000000,start=p_ext_ml_digest_0823,deterministic,1,synthetic
1087,23d219c90257a64d,p_ext_ml_digest_0823,bot_start,2026-08-23 09:05:00.000000000,start=p_ext_ml_digest_0823,deterministic,1,synthetic
1088,4e53219bd0cbaff9,p_ext_ml_digest_0823,bot_start,2026-08-23 09:05:00.000000000,start=p_ext_ml_digest_0823,deterministic,1,synthetic
1089,4526dac7f102907d,p_ext_ml_digest_0823,manager_chat_open,2026-08-23 09:05:00.000000000,start=p_ext_ml_digest_0823,deterministic,1,synthetic
1090,ce33cf9275cf217b,p_ext_ml_digest_0823,bot_start,2026-08-23 09:05:00.000000000,start=p_ext_ml_digest_0823,deterministic,1,synthetic
1091,ac158204c88e95a9,p_ext_ml_digest_0823,promo_code_used,2026-08-23 09:05:00.000000000,start=p_ext_ml_digest_0823,deterministic,1,synthetic
1092,4d6f33737a107e9f,p_ext_ml_digest_0823,bot_start,2026-08-23 09:05:00.000000000,start=p_ext_ml_digest_0823,deterministic,1,synthetic
1093,469c355007171ff6,p_ext_ml_digest_0823,bot_start,2026-08-23 09:05:00.000000000,start=p_ext_ml_digest_0823,deterministic,1,synthetic
1094,39e8be36ac084488,p_ext_ml_digest_0823,manager_chat_open,2026-08-23 09:05:00.000000000,start=p_ext_ml_digest_0823,deterministic,1,synthetic
1095,a734924a8535979e,p_ext_ml_digest_0823,bot_start,2026-08-23 09:05:00.000000000,start=p_ext_ml_digest_0823,deterministic,1,synthetic
1096,60517692b4cd81a8,p_ext_ml_digest_0823,bot_start,2026-08-23 09:05:00.000000000,start=p_ext_ml_digest_0823,deterministic,1,synthetic
1097,c8b2191ddfd5e8cb,p_ext_ml_digest_0823,manager_chat_open,2026-08-23 09:05:00.000000000,start=p_ext_ml_digest_0823,deterministic,1,synthetic
1098,da44ea408f28c390,p_ext_ml_digest_0823,promo_code_used,2026-08-23 09:05:00.000000000,start=p_ext_ml_digest_0823,deterministic,1,synthetic
1099,7c10582453984dd1,p_ext_ml_digest_0823,manager_chat_open,2026-08-23 09:05:00.000000000,start=p_ext_ml_digest_0823,deterministic,1,synthetic
1100,9e3b488e8501db46,p_ext_ml_digest_0823,bot_start,2026-08-23 09:05:00.000000000,start=p_ext_ml_digest_0823,deterministic,1,synthetic
1101,2bc540527f89114a,p_ext_ml_digest_0823,bot_start,2026-08-23 09:05:00.000000000,start=p_ext_ml_digest_0823,deterministic,1,synthetic
1102,21ff668c43efe3f5,p_ext_ml_digest_0823,bot_start,2026-08-23 09:05:00.000000000,start=p_ext_ml_digest_0823,deterministic,1,synthetic
1103,6bbc92998ee69e65,p_ext_ml_digest_0823,promo_code_used,2026-08-23 09:05:00.000000000,start=p_ext_ml_digest_0823,deterministic,1,synthetic
1104,1bc40135489f81ab,p_ext_ml_digest_0823,bot_start,2026-08-23 09:05:00.000000000,start=p_ext_ml_digest_0823,deterministic,1,synthetic
1105,8c54418a61834d63,p_ext_ml_digest_0823,manager_chat_open,2026-08-23 09:12:07.982986211,start=p_ext_ml_digest_0823,deterministic,0,synthetic
1106,73ecefcbc937a0bd,p_ext_stud_life_0821,promo_code_used,2026-08-23 09:21:28.220097924,start=p_ext_stud_life_0821,deterministic,0,synthetic
1107,2af3293a1a5a4d03,p_own_1859,manager_chat_open,2026-08-23 09:23:41.453512929,start=p_own_1859,deterministic,0,synthetic
1108,f2b1a4686fb1dd99,p_ext_ml_digest_0823,bot_start,2026-08-23 09:30:55.970218848,start=p_ext_ml_digest_0823,deterministic,0,synthetic
1109,12f7ce35462eeb77,p_ext_ml_digest_0823,manager_chat_open,2026-08-23 10:01:15.880000325,start=p_ext_ml_digest_0823,deterministic,0,synthetic
1110,7827d3c3db4599b4,p_ext_ml_digest_0823,bot_start,2026-08-23 10:10:46.409068893,start=p_ext_ml_digest_0823,deterministic,0,synthetic
1111,76be026ffd3fb9ab,p_ext_ml_digest_0823,promo_code_used,2026-08-23 10:17:27.819779465,start=p_ext_ml_digest_0823,deterministic,1,synthetic
1112,60517692b4cd81a8,p_ext_it_jobs_0822,bot_start,2026-08-23 10:20:26.852956495,start=p_ext_it_jobs_0822,deterministic,1,synthetic
1113,a755e87163b1da3f,p_own_1859,manager_chat_open,2026-08-23 10:30:15.889657408,start=p_own_1859,deterministic,0,synthetic
1114,82ff82e4568953d3,p_ext_ml_digest_0823,manager_chat_open,2026-08-23 10:41:26.302647458,start=p_ext_ml_digest_0823,deterministic,0,synthetic
1115,92f688f0e7010232,p_ext_ml_digest_0823,bot_start,2026-08-23 10:46:59.508507514,start=p_ext_ml_digest_0823,deterministic,0,synthetic
1116,ec2cfba6d9ca6f75,p_own_1859,bot_start,2026-08-23 11:01:43.694693122,start=p_own_1859,deterministic,0,synthetic
1117,516edfb1f97af29c,p_own_1859,manager_chat_open,2026-08-23 11:07:11.988684173,start=p_own_1859,deterministic,0,synthetic
1118,6817177de3b295af,p_ext_ml_digest_0823,manager_chat_open,2026-08-23 11:10:10.321323407,start=p_ext_ml_digest_0823,deterministic,0,synthetic
1119,1e0ffa62ebcbec8e,p_own_1859,bot_start,2026-08-23 11:13:47.268928044,start=p_own_1859,deterministic,1,synthetic
1120,eb161de4f55f9a8a,p_ext_ml_digest_0823,bot_start,2026-08-23 11:20:15.381091318,start=p_ext_ml_digest_0823,deterministic,0,synthetic
1121,62ea6356871f5976,p_ext_it_jobs_0822,bot_start,2026-08-23 11:28:32.537451340,start=p_ext_it_jobs_0822,deterministic,0,synthetic
1122,835b2843665fdea0,p_own_1860,promo_code_used,2026-08-23 11:56:41.000000000,start=p_own_1860,deterministic,1,synthetic
1123,a734924a8535979e,p_own_1860,manager_chat_open,2026-08-23 11:56:41.000000000,start=p_own_1860,deterministic,1,synthetic
1124,21ff668c43efe3f5,p_own_1860,bot_start,2026-08-23 11:56:41.000000000,start=p_own_1860,deterministic,1,synthetic
1125,b77e8490a6c559f9,p_own_1860,bot_start,2026-08-23 11:56:41.000000000,start=p_own_1860,deterministic,1,synthetic
1126,6587de9d7cfdd047,p_own_1860,bot_start,2026-08-23 11:56:41.000000000,start=p_own_1860,deterministic,1,synthetic
1127,5f0e67724a89fa8b,p_own_1860,bot_start,2026-08-23 11:56:41.000000000,start=p_own_1860,deterministic,1,synthetic
1128,979fc203c1968abc,p_own_1860,bot_start,2026-08-23 11:56:41.000000000,start=p_own_1860,deterministic,1,synthetic
1129,c1d87b12b12c749a,p_own_1860,bot_start,2026-08-23 11:56:41.000000000,start=p_own_1860,deterministic,1,synthetic
1130,7f6cc7989c9cd679,p_own_1860,manager_chat_open,2026-08-23 11:56:41.000000000,start=p_own_1860,deterministic,1,synthetic
1131,60517692b4cd81a8,p_own_1860,bot_start,2026-08-23 11:56:41.000000000,start=p_own_1860,deterministic,1,synthetic
1132,11e3b42cc6a3f2b3,p_own_1860,manager_chat_open,2026-08-23 11:56:41.000000000,start=p_own_1860,deterministic,1,synthetic
1133,5ca431119a85bc7c,p_own_1860,manager_chat_open,2026-08-23 11:56:41.000000000,start=p_own_1860,deterministic,1,synthetic
1134,f4e37fcd432dc7fe,p_own_1860,bot_start,2026-08-23 11:56:41.000000000,start=p_own_1860,deterministic,1,synthetic
1135,c147822721edb851,p_own_1860,bot_start,2026-08-23 11:56:41.000000000,start=p_own_1860,deterministic,1,synthetic
1136,2f4da6fea31b2eb7,p_ext_ml_digest_0823,manager_chat_open,2026-08-23 11:57:28.744089229,start=p_ext_ml_digest_0823,deterministic,0,synthetic
1137,ed1f01d045e2b32b,p_own_1859,manager_chat_open,2026-08-23 12:11:04.355436200,start=p_own_1859,deterministic,0,synthetic
1138,cd65d21a7057c506,p_ext_it_jobs_0822,manager_chat_open,2026-08-23 12:27:10.276164409,start=p_ext_it_jobs_0822,deterministic,0,synthetic
1139,a8b360daf894cdca,p_own_1859,bot_start,2026-08-23 12:45:10.870129308,start=p_own_1859,deterministic,0,synthetic
1140,ad6bdd9b3eede3b5,p_own_1860,bot_start,2026-08-23 12:52:30.997658303,start=p_own_1860,deterministic,0,synthetic
1141,53c27438b77b84b6,p_own_1859,bot_start,2026-08-23 12:52:37.694160211,start=p_own_1859,deterministic,0,synthetic
1142,88022333c666a6c6,p_ext_ml_digest_0823,manager_chat_open,2026-08-23 12:52:45.219622913,start=p_ext_ml_digest_0823,deterministic,0,synthetic
1143,f8c85eb2f1b23a79,p_ext_ml_digest_0823,bot_start,2026-08-23 12:54:02.430919279,start=p_ext_ml_digest_0823,deterministic,1,synthetic
1144,4cfb1e1fd93fd6e5,p_own_1860,manager_chat_open,2026-08-23 12:55:30.973246162,start=p_own_1860,deterministic,0,synthetic
1145,17e1934aba2739e3,p_own_1859,bot_start,2026-08-23 12:57:07.709519409,start=p_own_1859,deterministic,0,synthetic
1146,51041e16e8e75f8f,p_own_1860,bot_start,2026-08-23 13:05:53.016424178,start=p_own_1860,deterministic,0,synthetic
1147,6443c094a81d8394,p_ext_ml_digest_0823,manager_chat_open,2026-08-23 13:07:57.157117808,start=p_ext_ml_digest_0823,deterministic,1,synthetic
1148,758c613cfbef319c,p_ext_ml_digest_0823,manager_chat_open,2026-08-23 13:15:14.770657801,start=p_ext_ml_digest_0823,deterministic,1,synthetic
1149,01253b99d68e58dd,p_ext_ml_digest_0823,bot_start,2026-08-23 13:37:02.962820271,start=p_ext_ml_digest_0823,deterministic,1,synthetic
1150,11e3b42cc6a3f2b3,p_own_1843,manager_chat_open,2026-08-23 13:58:11.114469028,start=p_own_1843,deterministic,1,synthetic
1151,c917df18cdbe71a2,p_own_1859,bot_start,2026-08-23 13:59:45.708088360,start=p_own_1859,deterministic,0,synthetic
1152,e888502471606f4b,p_own_1860,manager_chat_open,2026-08-23 14:03:07.887498845,start=p_own_1860,deterministic,0,synthetic
1153,e9c282b41c43f560,p_ext_ml_digest_0823,bot_start,2026-08-23 14:07:45.565538361,start=p_ext_ml_digest_0823,deterministic,0,synthetic
1154,586ed640fb6a35db,p_own_1859,bot_start,2026-08-23 14:09:59.223772573,start=p_own_1859,deterministic,0,synthetic
1155,2cdfa6f95950d0db,p_own_1860,bot_start,2026-08-23 14:34:15.899290451,start=p_own_1860,deterministic,0,synthetic
1156,de967c615840b821,p_own_1860,bot_start,2026-08-23 14:34:35.816904984,start=p_own_1860,deterministic,0,synthetic
1157,7c474288e6a69d63,p_own_1859,promo_code_used,2026-08-23 14:58:27.397355497,start=p_own_1859,deterministic,0,synthetic
1158,1cbe415f069cf84b,p_ext_ml_digest_0823,bot_start,2026-08-23 15:25:49.275963190,start=p_ext_ml_digest_0823,deterministic,0,synthetic
1159,656f56afb5b4af03,p_own_1860,manager_chat_open,2026-08-23 15:28:35.086261273,start=p_own_1860,deterministic,0,synthetic
1160,283fb17b6c9c7544,p_own_1859,promo_code_used,2026-08-23 15:39:53.802541327,start=p_own_1859,deterministic,1,synthetic
1161,1e5cafc603f4fe40,p_own_1860,bot_start,2026-08-23 15:58:00.667606380,start=p_own_1860,deterministic,0,synthetic
1162,f666ad64462705c5,p_own_1860,bot_start,2026-08-23 15:58:22.097763214,start=p_own_1860,deterministic,0,synthetic
1163,79aa9ba9bf512073,p_ext_ml_digest_0823,manager_chat_open,2026-08-23 15:58:59.268376633,start=p_ext_ml_digest_0823,deterministic,0,synthetic
1164,0ecc13214eabc796,p_own_1860,bot_start,2026-08-23 16:04:01.867495045,start=p_own_1860,deterministic,0,synthetic
1165,68d8b41325c697c8,p_own_1860,manager_chat_open,2026-08-23 16:11:52.180495473,start=p_own_1860,deterministic,0,synthetic
1166,d510ff14d05f8047,p_ext_stud_life_0821,bot_start,2026-08-23 16:13:32.044172055,start=p_ext_stud_life_0821,deterministic,0,synthetic
1167,54fe11e79cdcf0ae,p_own_1860,manager_chat_open,2026-08-23 16:32:15.350550619,start=p_own_1860,deterministic,0,synthetic
1168,6449dd3dd622de27,p_ext_it_jobs_0822,manager_chat_open,2026-08-23 16:34:19.174011131,start=p_ext_it_jobs_0822,deterministic,0,synthetic
1169,9831dde8f54e3440,p_ext_ml_digest_0823,bot_start,2026-08-23 16:35:58.652344340,start=p_ext_ml_digest_0823,deterministic,0,synthetic
1170,b3a48a5e03af24f9,p_own_1860,bot_start,2026-08-23 16:46:52.556232044,start=p_own_1860,deterministic,0,synthetic
1171,ffb6543c7e9ff19c,p_ext_ml_digest_0823,bot_start,2026-08-23 17:07:50.039460974,start=p_ext_ml_digest_0823,deterministic,0,synthetic
1172,9d8ad0954c8deaff,p_ext_it_jobs_0822,bot_start,2026-08-23 17:25:00.188404275,start=p_ext_it_jobs_0822,deterministic,0,synthetic
1173,9b8641fed56bd694,p_own_1860,bot_start,2026-08-23 17:52:39.811787501,start=p_own_1860,deterministic,0,synthetic
1174,1fc304596d3f9500,p_ext_it_jobs_0822,manager_chat_open,2026-08-23 18:00:00.670230658,start=p_ext_it_jobs_0822,deterministic,0,synthetic
1175,772b5ae45a766e20,p_own_1859,bot_start,2026-08-23 18:22:22.657263482,start=p_own_1859,deterministic,1,synthetic
1176,56ac357651f4cec8,p_own_1860,promo_code_used,2026-08-23 18:23:13.229628454,start=p_own_1860,deterministic,0,synthetic
1177,3caed2369a52bffd,p_own_1859,bot_start,2026-08-23 18:24:19.842904372,start=p_own_1859,deterministic,0,synthetic
1178,6838109aa7f29d72,p_ext_ml_digest_0823,manager_chat_open,2026-08-23 18:26:57.851697247,start=p_ext_ml_digest_0823,deterministic,0,synthetic
1179,3eed2a47e781128e,p_own_1860,bot_start,2026-08-23 18:42:55.581361975,start=p_own_1860,deterministic,0,synthetic
1180,2b0dac8850809179,p_own_1860,manager_chat_open,2026-08-23 18:50:41.956408019,start=p_own_1860,deterministic,0,synthetic
1181,275e7cc329811f78,p_own_1860,manager_chat_open,2026-08-23 19:09:42.939425283,start=p_own_1860,deterministic,0,synthetic
1182,f6e88112f7f7270c,p_ext_it_jobs_0822,bot_start,2026-08-23 19:13:19.482587098,start=p_ext_it_jobs_0822,deterministic,0,synthetic
1183,dfb4af5501c19612,p_own_1863,bot_start,2026-08-23 19:25:03.000000000,start=p_own_1863,deterministic,1,synthetic
1184,610a37ea0a24ea69,p_own_1863,bot_start,2026-08-23 19:25:03.000000000,start=p_own_1863,deterministic,1,synthetic
1185,06ca6627eec9bc52,p_own_1863,bot_start,2026-08-23 19:25:03.000000000,start=p_own_1863,deterministic,1,synthetic
1186,18368bc487c5d0ad,p_own_1863,bot_start,2026-08-23 19:25:03.000000000,start=p_own_1863,deterministic,1,synthetic
1187,b77e8490a6c559f9,p_own_1863,bot_start,2026-08-23 19:25:03.000000000,start=p_own_1863,deterministic,1,synthetic
1188,ac158204c88e95a9,p_own_1863,bot_start,2026-08-23 19:25:03.000000000,start=p_own_1863,deterministic,1,synthetic
1189,0116c1367674854c,p_own_1863,bot_start,2026-08-23 19:25:03.000000000,start=p_own_1863,deterministic,1,synthetic
1190,7cabc31398efe389,p_own_1863,bot_start,2026-08-23 19:25:03.000000000,start=p_own_1863,deterministic,1,synthetic
1191,35a41a0337231855,p_own_1863,bot_start,2026-08-23 19:25:03.000000000,start=p_own_1863,deterministic,1,synthetic
1192,eaff8c6d941253e3,p_own_1863,manager_chat_open,2026-08-23 19:25:03.000000000,start=p_own_1863,deterministic,1,synthetic
1193,65d293bc0f640bc4,p_own_1863,promo_code_used,2026-08-23 19:25:03.000000000,start=p_own_1863,deterministic,1,synthetic
1194,4526dac7f102907d,p_own_1863,bot_start,2026-08-23 19:25:03.000000000,start=p_own_1863,deterministic,1,synthetic
1195,87458a6a0792f8bd,p_own_1863,promo_code_used,2026-08-23 19:25:03.000000000,start=p_own_1863,deterministic,1,synthetic
1196,6e64c9ca35b43f9f,p_own_1843,bot_start,2026-08-23 19:28:52.676663307,start=p_own_1843,deterministic,1,synthetic
1197,ca6de829c74db07a,p_ext_ml_digest_0823,bot_start,2026-08-23 19:33:30.513004597,start=p_ext_ml_digest_0823,deterministic,1,synthetic
1198,d336fe74e9918918,p_own_1860,bot_start,2026-08-23 19:37:55.867123444,start=p_own_1860,deterministic,0,synthetic
1199,d57c1efa299c6f04,p_ext_ml_digest_0823,manager_chat_open,2026-08-23 19:49:50.859521683,start=p_ext_ml_digest_0823,deterministic,0,synthetic
1200,d469458348fd7b90,p_own_1860,manager_chat_open,2026-08-23 19:53:50.912030259,start=p_own_1860,deterministic,0,synthetic
1201,7cd67e8bb0f1423a,p_own_1863,bot_start,2026-08-23 20:04:09.491371626,start=p_own_1863,deterministic,0,synthetic
1202,811c91185856106c,p_ext_ml_digest_0823,manager_chat_open,2026-08-23 20:05:10.641001421,start=p_ext_ml_digest_0823,deterministic,0,synthetic
1203,51cf0764ef02a656,p_own_1859,manager_chat_open,2026-08-23 20:08:05.615712550,start=p_own_1859,deterministic,0,synthetic
1204,7a0ca90f9e397e00,p_own_1863,manager_chat_open,2026-08-23 20:13:04.548528493,start=p_own_1863,deterministic,0,synthetic
1205,0806ba7cb36e32e4,p_own_1859,bot_start,2026-08-23 20:20:36.476997543,start=p_own_1859,deterministic,0,synthetic
1206,9a4649278eb6d2da,p_own_1863,bot_start,2026-08-23 20:34:32.163826628,start=p_own_1863,deterministic,0,synthetic
1207,01d867774ea7d4f6,p_ext_ml_digest_0823,manager_chat_open,2026-08-23 20:43:02.605899521,start=p_ext_ml_digest_0823,deterministic,0,synthetic
1208,d9fdacb8d63fcbe2,p_own_1863,bot_start,2026-08-23 20:45:31.290541322,start=p_own_1863,deterministic,0,synthetic
1209,3b080fd93fee1c23,p_own_1860,promo_code_used,2026-08-23 21:01:11.208690000,start=p_own_1860,deterministic,0,synthetic
1210,a948d0c824040eb2,p_own_1860,promo_code_used,2026-08-23 21:03:13.351634310,start=p_own_1860,deterministic,0,synthetic
1211,9dd84e2dcd2a0dcb,p_own_1863,bot_start,2026-08-23 21:06:50.897148026,start=p_own_1863,deterministic,0,synthetic
1212,5e9358dc5ce46cdf,p_own_1863,manager_chat_open,2026-08-23 21:23:34.882353662,start=p_own_1863,deterministic,0,synthetic
1213,b97a2da2e83c8a1e,p_own_1859,bot_start,2026-08-23 21:24:26.644752471,start=p_own_1859,deterministic,0,synthetic
1214,689d0b8e73d792a5,p_ext_ml_digest_0823,bot_start,2026-08-23 21:34:09.350569473,start=p_ext_ml_digest_0823,deterministic,0,synthetic
1215,792a92047442e0f7,p_own_1863,bot_start,2026-08-23 21:39:09.738943259,start=p_own_1863,deterministic,0,synthetic
1216,1fc65ae0d3caa191,p_ext_ml_digest_0823,manager_chat_open,2026-08-23 22:26:01.718417299,start=p_ext_ml_digest_0823,deterministic,0,synthetic
1217,7fc25f97ce46875f,p_own_1863,bot_start,2026-08-23 22:27:47.027790014,start=p_own_1863,deterministic,0,synthetic
1218,feca5a8ca3389678,p_ext_ml_digest_0823,manager_chat_open,2026-08-23 22:30:10.388621317,start=p_ext_ml_digest_0823,deterministic,0,synthetic
1219,409b76faef9238f5,p_ext_ml_digest_0823,promo_code_used,2026-08-23 22:36:35.036873808,start=p_ext_ml_digest_0823,deterministic,0,synthetic
1220,0fd6f2cc89d31656,p_ext_ml_digest_0823,manager_chat_open,2026-08-23 22:47:37.018416055,start=p_ext_ml_digest_0823,deterministic,0,synthetic
1221,534370595ef4ae2e,p_own_1863,manager_chat_open,2026-08-23 22:55:25.620151756,start=p_own_1863,deterministic,0,synthetic
1222,0507599bd5076a88,p_ext_it_jobs_0822,bot_start,2026-08-23 22:59:02.368070673,start=p_ext_it_jobs_0822,deterministic,1,synthetic
1223,6c0e92ff17d7a20f,p_ext_ml_digest_0823,bot_start,2026-08-23 22:59:16.344971780,start=p_ext_ml_digest_0823,deterministic,0,synthetic
1224,c1d87b12b12c749a,p_ext_ml_digest_0823,manager_chat_open,2026-08-23 23:07:39.973563550,start=p_ext_ml_digest_0823,deterministic,1,synthetic
1225,d4b17807ec003130,p_own_1860,bot_start,2026-08-23 23:55:07.772073178,start=p_own_1860,deterministic,0,synthetic
1226,e91db35f273c619b,p_ext_ml_digest_0823,manager_chat_open,2026-08-24 00:02:32.895097048,start=p_ext_ml_digest_0823,deterministic,0,synthetic
1227,324ace03621ed673,p_own_1863,bot_start,2026-08-24 00:03:19.213439135,start=p_own_1863,deterministic,0,synthetic
1228,0a88e3ad63c6082f,p_own_1860,manager_chat_open,2026-08-24 00:06:31.629670124,start=p_own_1860,deterministic,0,synthetic
1229,b77e8490a6c559f9,p_own_1852,bot_start,2026-08-24 00:07:49.506659667,start=p_own_1852,deterministic,1,synthetic
1230,bcd1438a5cb12f31,p_ext_ml_digest_0823,bot_start,2026-08-24 00:19:43.731901913,start=p_ext_ml_digest_0823,deterministic,0,synthetic
1231,f574462b3ff25a2b,p_ext_ml_digest_0823,bot_start,2026-08-24 00:38:37.226468471,start=p_ext_ml_digest_0823,deterministic,0,synthetic
1232,d91a914362618b87,p_ext_ml_digest_0823,bot_start,2026-08-24 00:46:55.322208027,start=p_ext_ml_digest_0823,deterministic,0,synthetic
1233,c4194bfb73337d81,p_own_1860,bot_start,2026-08-24 00:50:04.377732569,start=p_own_1860,deterministic,0,synthetic
1234,a47c6f8096806022,p_own_1863,bot_start,2026-08-24 01:03:07.947185804,start=p_own_1863,deterministic,0,synthetic
1235,e60af60498ef8be8,p_ext_it_jobs_0822,bot_start,2026-08-24 01:09:46.056342673,start=p_ext_it_jobs_0822,deterministic,0,synthetic
1236,ccd6208af5a663fe,p_own_1859,manager_chat_open,2026-08-24 01:17:18.433250950,start=p_own_1859,deterministic,0,synthetic
1237,b3ebca85ee335d59,p_own_1859,manager_chat_open,2026-08-24 01:22:27.220757784,start=p_own_1859,deterministic,0,synthetic
1238,91d0bf1bd5c4822d,p_ext_it_jobs_0822,bot_start,2026-08-24 01:34:11.565327808,start=p_ext_it_jobs_0822,deterministic,1,synthetic
1239,abcb69bceab6c9cf,p_own_1863,bot_start,2026-08-24 01:55:55.522088870,start=p_own_1863,deterministic,0,synthetic
1240,fcbff5e8789b68a4,p_ext_ml_digest_0823,bot_start,2026-08-24 02:04:31.331353266,start=p_ext_ml_digest_0823,deterministic,0,synthetic
1241,1503650f7219d01a,p_own_1863,manager_chat_open,2026-08-24 02:33:17.006538380,start=p_own_1863,deterministic,0,synthetic
1242,91d4de80087ad3b5,p_own_1863,manager_chat_open,2026-08-24 02:37:11.045152238,start=p_own_1863,deterministic,0,synthetic
1243,3871c6a5e56e7867,p_ext_ml_digest_0823,promo_code_used,2026-08-24 03:21:42.961560834,start=p_ext_ml_digest_0823,deterministic,0,synthetic
1244,62d73c01e0ff0dc0,p_own_1863,manager_chat_open,2026-08-24 03:27:58.588982064,start=p_own_1863,deterministic,0,synthetic
1245,b102580672ab8587,p_ext_ml_digest_0823,promo_code_used,2026-08-24 03:28:47.422709596,start=p_ext_ml_digest_0823,deterministic,0,synthetic
1246,dce7c9f7a21b4031,p_own_1863,bot_start,2026-08-24 03:33:10.084602327,start=p_own_1863,deterministic,0,synthetic
1247,bac44f583fe24fe1,p_ext_ml_digest_0823,bot_start,2026-08-24 03:56:21.762529400,start=p_ext_ml_digest_0823,deterministic,0,synthetic
1248,ccbe77c712beb859,p_ext_ml_digest_0823,promo_code_used,2026-08-24 04:16:46.169032590,start=p_ext_ml_digest_0823,deterministic,0,synthetic
1249,55293a448a574655,p_own_1860,promo_code_used,2026-08-24 04:17:10.994498269,start=p_own_1860,deterministic,0,synthetic
1250,ea565f3257696253,p_ext_ml_digest_0823,promo_code_used,2026-08-24 04:23:40.192229798,start=p_ext_ml_digest_0823,deterministic,0,synthetic
1251,55c2d349df05976f,p_ext_ml_digest_0823,manager_chat_open,2026-08-24 04:24:45.213014583,start=p_ext_ml_digest_0823,deterministic,0,synthetic
1252,65d293bc0f640bc4,p_own_1860,bot_start,2026-08-24 04:34:11.929310443,start=p_own_1860,deterministic,1,synthetic
1253,d3b2198214dd440f,p_ext_ml_digest_0823,bot_start,2026-08-24 04:48:21.814213998,start=p_ext_ml_digest_0823,deterministic,0,synthetic
1254,ce33cf9275cf217b,p_ext_stud_life_0821,manager_chat_open,2026-08-24 04:56:32.746630570,start=p_ext_stud_life_0821,deterministic,1,synthetic
1255,c8a46d622353cbc2,p_own_1859,manager_chat_open,2026-08-24 04:56:48.544486492,start=p_own_1859,deterministic,0,synthetic
1256,a029c816d913a2a3,p_ext_ml_digest_0823,bot_start,2026-08-24 05:25:29.406217909,start=p_ext_ml_digest_0823,deterministic,0,synthetic
1257,518b74c2558fdc0b,p_ext_ml_digest_0823,manager_chat_open,2026-08-24 05:33:53.193794895,start=p_ext_ml_digest_0823,deterministic,0,synthetic
1258,53e72c91a2c12d58,p_own_1863,bot_start,2026-08-24 05:35:15.748491919,start=p_own_1863,deterministic,0,synthetic
1259,21383155b327ec0f,p_ext_stud_life_0821,bot_start,2026-08-24 05:51:37.259459643,start=p_ext_stud_life_0821,deterministic,0,synthetic
1260,89ea436fec134893,p_ext_it_jobs_0822,promo_code_used,2026-08-24 06:42:40.100049710,start=p_ext_it_jobs_0822,deterministic,0,synthetic
1261,1d0c55d1483999ab,p_own_1860,bot_start,2026-08-24 06:49:31.437631115,start=p_own_1860,deterministic,0,synthetic
1262,e0f2f0077b4ae72c,p_own_1863,bot_start,2026-08-24 06:54:54.476646232,start=p_own_1863,deterministic,0,synthetic
1263,adf2a53bc5583805,p_ext_it_jobs_0822,bot_start,2026-08-24 07:08:11.180498463,start=p_ext_it_jobs_0822,deterministic,0,synthetic
1264,ce363acffedbc266,p_own_1859,bot_start,2026-08-24 07:25:07.074665880,start=p_own_1859,deterministic,1,synthetic
1265,603c15c1cb5200c9,p_own_1863,bot_start,2026-08-24 07:26:38.990531359,start=p_own_1863,deterministic,0,synthetic
1266,4dc9b3208ffc1f55,p_own_1863,bot_start,2026-08-24 07:27:11.876290400,start=p_own_1863,deterministic,0,synthetic
1267,82918a41f1036f19,p_ext_ml_digest_0823,manager_chat_open,2026-08-24 07:59:31.003822448,start=p_ext_ml_digest_0823,deterministic,0,synthetic
1268,290893dd965ec594,p_own_1860,bot_start,2026-08-24 08:05:32.655110224,start=p_own_1860,deterministic,0,synthetic
1269,25f803ee37db2f65,p_ext_ml_digest_0823,manager_chat_open,2026-08-24 08:18:56.355707199,start=p_ext_ml_digest_0823,deterministic,0,synthetic
1270,8300bccb00c13e8d,p_own_1860,bot_start,2026-08-24 08:24:45.960669069,start=p_own_1860,deterministic,0,synthetic
1271,09daba1c673388d0,p_own_1859,bot_start,2026-08-24 08:31:10.202399826,start=p_own_1859,deterministic,0,synthetic
1272,e91c3c0ecde3e69f,p_ext_ml_digest_0823,bot_start,2026-08-24 08:50:06.409757271,start=p_ext_ml_digest_0823,deterministic,0,synthetic
1273,610a37ea0a24ea69,p_own_1852,bot_start,2026-08-24 09:18:01.831697073,start=p_own_1852,deterministic,1,synthetic
1274,d314eea86edc0e5b,p_own_1860,promo_code_used,2026-08-24 09:22:18.134292109,start=p_own_1860,deterministic,0,synthetic
1275,59b2a3e4fbe56bea,p_ext_ml_digest_0823,bot_start,2026-08-24 09:31:09.494513936,start=p_ext_ml_digest_0823,deterministic,0,synthetic
1276,84e24a3ea8986de3,p_ext_ml_digest_0823,manager_chat_open,2026-08-24 09:45:24.166335398,start=p_ext_ml_digest_0823,deterministic,0,synthetic
1277,df751a6828aa6b4f,p_own_1860,promo_code_used,2026-08-24 10:05:29.093114550,start=p_own_1860,deterministic,0,synthetic
1278,9fa18d880ce67153,p_own_1860,bot_start,2026-08-24 10:11:02.813870977,start=p_own_1860,deterministic,0,synthetic
1279,93ca224e24dc4f1a,p_own_1859,bot_start,2026-08-24 10:30:29.461201985,start=p_own_1859,deterministic,0,synthetic
1280,659f9d32fb4e9745,p_own_1863,bot_start,2026-08-24 10:41:08.875111746,start=p_own_1863,deterministic,1,synthetic
1281,222d8191cc1b0896,p_own_1859,manager_chat_open,2026-08-24 10:53:05.299354193,start=p_own_1859,deterministic,0,synthetic
1282,5927575f6208ec4d,p_own_1863,bot_start,2026-08-24 11:32:35.676444118,start=p_own_1863,deterministic,0,synthetic
1283,bf00cad12ee5dba3,p_own_1863,bot_start,2026-08-24 11:45:32.615341036,start=p_own_1863,deterministic,0,synthetic
1284,264cee6c2e1308d4,p_ext_it_jobs_0822,bot_start,2026-08-24 12:06:39.136566943,start=p_ext_it_jobs_0822,deterministic,0,synthetic
1285,f53819ce00de64e9,p_own_1860,manager_chat_open,2026-08-24 12:22:48.042378126,start=p_own_1860,deterministic,0,synthetic
1286,cb47aebedecfbcee,p_ext_ml_digest_0823,promo_code_used,2026-08-24 12:28:05.235444960,start=p_ext_ml_digest_0823,deterministic,0,synthetic
1287,1eb3e751aa56c52a,p_own_1859,manager_chat_open,2026-08-24 14:15:22.085981743,start=p_own_1859,deterministic,1,synthetic
1288,ae54790d6e8fe34f,p_own_1863,manager_chat_open,2026-08-24 14:21:15.769644555,start=p_own_1863,deterministic,0,synthetic
1289,5b3b2df2d00ea707,p_own_1863,bot_start,2026-08-24 14:38:17.555817191,start=p_own_1863,deterministic,1,synthetic
1290,f10464a23f153e4e,p_own_1860,bot_start,2026-08-24 14:48:47.306623696,start=p_own_1860,deterministic,0,synthetic
1291,eedfd801350b6340,p_ext_ml_digest_0823,manager_chat_open,2026-08-24 15:11:11.193055532,start=p_ext_ml_digest_0823,deterministic,0,synthetic
1292,80eb63ab2310906b,p_own_1859,manager_chat_open,2026-08-24 15:18:17.643939181,start=p_own_1859,deterministic,0,synthetic
1293,aa46b5c5fea69288,p_own_1860,manager_chat_open,2026-08-24 15:24:31.790783643,start=p_own_1860,deterministic,1,synthetic
1294,7429692733bc9d9f,p_own_1860,manager_chat_open,2026-08-24 15:24:40.719414500,start=p_own_1860,deterministic,0,synthetic
1295,a1282a6b3fdc36e1,p_own_1859,bot_start,2026-08-24 15:37:46.283935088,start=p_own_1859,deterministic,0,synthetic
1296,52f31e6d85020f51,p_own_1863,bot_start,2026-08-24 16:04:26.659882153,start=p_own_1863,deterministic,0,synthetic
1297,e55a438058b63891,p_own_1863,bot_start,2026-08-24 16:06:34.487744519,start=p_own_1863,deterministic,0,synthetic
1298,fbad0e2744a00fbd,p_ext_ml_digest_0823,manager_chat_open,2026-08-24 16:06:54.152337375,start=p_ext_ml_digest_0823,deterministic,0,synthetic
1299,86d18986f084b8b2,p_own_1863,bot_start,2026-08-24 16:26:41.558562756,start=p_own_1863,deterministic,0,synthetic
1300,1ab8bd94f6d4db76,p_ext_ml_digest_0823,promo_code_used,2026-08-24 16:30:31.605761708,start=p_ext_ml_digest_0823,deterministic,0,synthetic
1301,cef3287b732a2417,p_ext_ml_digest_0823,promo_code_used,2026-08-24 16:55:52.899549928,start=p_ext_ml_digest_0823,deterministic,0,synthetic
1302,5b54751933f7ae3c,p_own_1863,manager_chat_open,2026-08-24 17:07:15.218295223,start=p_own_1863,deterministic,0,synthetic
1303,71af960a6924fca7,p_own_1859,manager_chat_open,2026-08-24 17:07:38.933279895,start=p_own_1859,deterministic,0,synthetic
1304,38f793d296e03b26,p_ext_ml_digest_0823,bot_start,2026-08-24 17:13:04.220819461,start=p_ext_ml_digest_0823,deterministic,0,synthetic
1305,2841408095d2518f,p_ext_ml_digest_0823,manager_chat_open,2026-08-24 18:15:52.806789171,start=p_ext_ml_digest_0823,deterministic,0,synthetic
1306,9a24ee696ea5af4b,p_ext_it_jobs_0822,bot_start,2026-08-24 18:38:49.413726861,start=p_ext_it_jobs_0822,deterministic,0,synthetic
1307,8c89f1fb2e45304a,p_ext_ml_digest_0823,manager_chat_open,2026-08-24 18:47:16.019402210,start=p_ext_ml_digest_0823,deterministic,0,synthetic
1308,7ea1a8ba191c98ee,p_ext_it_jobs_0822,bot_start,2026-08-24 19:35:35.535354058,start=p_ext_it_jobs_0822,deterministic,1,synthetic
1309,6fea70406b343a3b,p_own_1860,manager_chat_open,2026-08-24 20:20:22.753075592,start=p_own_1860,deterministic,0,synthetic
1310,0e519088a54be9d8,p_own_1859,bot_start,2026-08-24 20:30:57.815654767,start=p_own_1859,deterministic,0,synthetic
1311,49e4b6d7c2a18433,p_own_1863,bot_start,2026-08-24 20:43:45.178398092,start=p_own_1863,deterministic,0,synthetic
1312,4e544265de736b92,p_own_1860,manager_chat_open,2026-08-24 20:58:40.695419718,start=p_own_1860,deterministic,0,synthetic
1313,22f3a3b27166a20d,p_own_1863,bot_start,2026-08-24 21:25:28.580064348,start=p_own_1863,deterministic,0,synthetic
1314,c1eb8e26f2dd01d7,p_own_1863,bot_start,2026-08-24 22:01:50.961945441,start=p_own_1863,deterministic,0,synthetic
1315,a6e2f0e7b8485de7,p_own_1860,bot_start,2026-08-24 22:17:24.540070387,start=p_own_1860,deterministic,0,synthetic
1316,46ce6d2aaa4a360f,p_own_1863,bot_start,2026-08-24 22:51:58.246626584,start=p_own_1863,deterministic,0,synthetic
1317,7e3a1574dfccbcaa,p_ext_ml_digest_0823,bot_start,2026-08-24 22:55:48.824939726,start=p_ext_ml_digest_0823,deterministic,1,synthetic
1318,5218d77a6dccabd7,p_own_1863,bot_start,2026-08-25 00:20:50.929392358,start=p_own_1863,deterministic,0,synthetic
1319,10446055654fa515,p_own_1863,manager_chat_open,2026-08-25 01:21:39.589159650,start=p_own_1863,deterministic,0,synthetic
1320,4ec583c46cc8b577,p_ext_ml_digest_0823,manager_chat_open,2026-08-25 01:35:24.184490995,start=p_ext_ml_digest_0823,deterministic,0,synthetic
1321,8dfab69265759849,p_ext_ml_digest_0823,bot_start,2026-08-25 01:54:53.888394032,start=p_ext_ml_digest_0823,deterministic,0,synthetic
1322,d670fa2298151c45,p_own_1860,manager_chat_open,2026-08-25 02:38:18.402530917,start=p_own_1860,deterministic,0,synthetic
1323,315d93f4c1c5906e,p_ext_ml_digest_0823,bot_start,2026-08-25 03:12:26.699126630,start=p_ext_ml_digest_0823,deterministic,0,synthetic
1324,67cc9d8730580a91,p_own_1863,bot_start,2026-08-25 03:13:03.045750552,start=p_own_1863,deterministic,0,synthetic
1325,56b0acd90eb99812,p_ext_ml_digest_0823,bot_start,2026-08-25 03:28:35.375023107,start=p_ext_ml_digest_0823,deterministic,1,synthetic
1326,03993c86af226d38,p_own_1859,bot_start,2026-08-25 04:46:05.592462056,start=p_own_1859,deterministic,0,synthetic
1327,60ca01b2875a262f,p_own_1863,bot_start,2026-08-25 04:49:33.741317865,start=p_own_1863,deterministic,0,synthetic
1328,84083b63a8c6fd55,p_ext_ml_digest_0823,bot_start,2026-08-25 05:24:14.256995191,start=p_ext_ml_digest_0823,deterministic,0,synthetic
1329,787bc4182c9dba05,p_ext_ml_digest_0823,bot_start,2026-08-25 05:33:22.041169462,start=p_ext_ml_digest_0823,deterministic,0,synthetic
1330,0d20a5404950a9e9,p_ext_ml_digest_0823,manager_chat_open,2026-08-25 06:04:38.825745417,start=p_ext_ml_digest_0823,deterministic,1,synthetic
1331,3dc9bc7228065206,p_ext_ml_digest_0823,manager_chat_open,2026-08-25 06:30:08.145570966,start=p_ext_ml_digest_0823,deterministic,0,synthetic
1332,e22d4be8ca23e509,p_ext_ml_digest_0823,manager_chat_open,2026-08-25 06:55:14.087809423,start=p_ext_ml_digest_0823,deterministic,0,synthetic
1333,fa5580c3e4c64014,p_ext_ml_digest_0823,promo_code_used,2026-08-25 06:56:11.567954377,start=p_ext_ml_digest_0823,deterministic,1,synthetic
1334,007e20e4ddf2324f,p_own_1863,bot_start,2026-08-25 07:14:40.144191281,start=p_own_1863,deterministic,0,synthetic
1335,34507086d8aecff8,p_ext_ml_digest_0823,bot_start,2026-08-25 07:33:06.474917411,start=p_ext_ml_digest_0823,deterministic,0,synthetic
1336,4f5c238b6777d150,p_ext_ml_digest_0823,manager_chat_open,2026-08-25 07:39:13.792763993,start=p_ext_ml_digest_0823,deterministic,0,synthetic
1337,462e2f6561ddd032,p_own_1860,bot_start,2026-08-25 07:55:49.070977858,start=p_own_1860,deterministic,0,synthetic
1338,63bff8afccf4e850,p_ext_ml_digest_0823,manager_chat_open,2026-08-25 08:01:11.822163660,start=p_ext_ml_digest_0823,deterministic,1,synthetic
1339,4412ff563a1c5ea3,p_own_1859,manager_chat_open,2026-08-25 08:15:04.779208630,start=p_own_1859,deterministic,1,synthetic
1340,676b0ac35e62d55f,p_ext_ml_digest_0823,bot_start,2026-08-25 08:37:24.946787390,start=p_ext_ml_digest_0823,deterministic,0,synthetic
1341,d53df629aa3fc355,p_own_1863,bot_start,2026-08-25 09:45:55.517705179,start=p_own_1863,deterministic,0,synthetic
1342,0f79673b01ba8676,p_own_1859,bot_start,2026-08-25 10:09:46.972132364,start=p_own_1859,deterministic,1,synthetic
1343,772477f5f38873fc,p_ext_ml_digest_0823,bot_start,2026-08-25 10:20:04.155351182,start=p_ext_ml_digest_0823,deterministic,0,synthetic
1344,e587a38ac114d3a8,p_own_1859,manager_chat_open,2026-08-25 10:42:05.173595127,start=p_own_1859,deterministic,0,synthetic
1345,7f891184ce9e9463,p_ext_ml_digest_0823,manager_chat_open,2026-08-25 11:25:09.352099988,start=p_ext_ml_digest_0823,deterministic,0,synthetic
1346,6c8929673acacb91,p_own_1859,manager_chat_open,2026-08-25 11:36:30.292942548,start=p_own_1859,deterministic,0,synthetic
1347,43f01b577ac77794,p_own_1859,manager_chat_open,2026-08-25 12:26:56.864671416,start=p_own_1859,deterministic,0,synthetic
1348,3b573d0eb911d99a,p_own_1863,bot_start,2026-08-25 12:43:05.696636849,start=p_own_1863,deterministic,0,synthetic
1349,8dc02f2673c86c8b,p_own_1860,bot_start,2026-08-25 14:51:31.111218810,start=p_own_1860,deterministic,0,synthetic
1350,65463cdbbe78c359,p_ext_stud_life_0821,bot_start,2026-08-25 17:28:11.418959088,start=p_ext_stud_life_0821,deterministic,0,synthetic
1351,8b062c464f0116e2,p_ext_ml_digest_0823,promo_code_used,2026-08-25 19:23:58.379585067,start=p_ext_ml_digest_0823,deterministic,0,synthetic
1352,095488e93a03eb3d,p_own_1852,bot_start,2026-08-25 20:23:44.268987312,start=p_own_1852,deterministic,1,synthetic
1353,58db1164495e63e8,p_own_1860,bot_start,2026-08-25 20:36:06.382790610,start=p_own_1860,deterministic,1,synthetic
1354,5f0e67724a89fa8b,p_ext_ml_digest_0823,bot_start,2026-08-25 20:57:58.627883906,start=p_ext_ml_digest_0823,deterministic,1,synthetic
1355,86507ba4eeffc0c3,p_ext_it_jobs_0822,manager_chat_open,2026-08-25 20:59:44.168381332,start=p_ext_it_jobs_0822,deterministic,1,synthetic
1356,d3e76005929a7d08,p_own_1863,manager_chat_open,2026-08-25 21:41:45.422847665,start=p_own_1863,deterministic,0,synthetic
1357,5e64682196ae1755,p_own_1859,bot_start,2026-08-25 23:41:42.559973402,start=p_own_1859,deterministic,1,synthetic
1358,67f2039ba1f103bb,p_ext_ml_digest_0823,manager_chat_open,2026-08-25 23:46:13.805360377,start=p_ext_ml_digest_0823,deterministic,0,synthetic
1359,0e21306ceb9aff77,p_own_1859,manager_chat_open,2026-08-26 01:22:19.989801945,start=p_own_1859,deterministic,0,synthetic
1360,ebdd839d9e88f40c,p_own_1863,bot_start,2026-08-26 03:57:43.471673737,start=p_own_1863,deterministic,1,synthetic
1361,f549c156c17b015d,p_ext_ml_digest_0823,manager_chat_open,2026-08-26 04:15:25.148430509,start=p_ext_ml_digest_0823,deterministic,0,synthetic
1362,15590c0b515360d6,p_own_1860,bot_start,2026-08-26 05:01:14.535886356,start=p_own_1860,deterministic,0,synthetic
1363,9f9f355f4cc57b5d,p_ext_it_jobs_0822,manager_chat_open,2026-08-26 05:26:08.931680566,start=p_ext_it_jobs_0822,deterministic,0,synthetic
1364,28883ac27c5d5837,p_own_1859,bot_start,2026-08-26 05:43:21.825008089,start=p_own_1859,deterministic,0,synthetic
1365,eee2a887ea2acb17,p_ext_ml_digest_0823,bot_start,2026-08-26 06:07:43.307718146,start=p_ext_ml_digest_0823,deterministic,0,synthetic
1366,47fca874988c6134,p_ext_ml_digest_0823,bot_start,2026-08-26 06:52:27.290003276,start=p_ext_ml_digest_0823,deterministic,1,synthetic
1367,31bae41b2279e1e3,p_own_1863,bot_start,2026-08-26 07:12:02.739259851,start=p_own_1863,deterministic,1,synthetic
1368,f7b2d590420c30a7,p_own_1859,bot_start,2026-08-26 07:32:17.128447014,start=p_own_1859,deterministic,1,synthetic
1369,dae1ccd5a8c45a44,p_own_1860,manager_chat_open,2026-08-26 09:31:30.326428006,start=p_own_1860,deterministic,0,synthetic
1370,4158ba7b4d50e868,p_own_1863,manager_chat_open,2026-08-26 10:09:40.494788744,start=p_own_1863,deterministic,0,synthetic
1371,88d0a5293619b90e,p_own_1863,bot_start,2026-08-26 11:46:09.899649687,start=p_own_1863,deterministic,0,synthetic
1372,6180e3a82a0683e3,p_own_1863,manager_chat_open,2026-08-26 13:57:03.759804749,start=p_own_1863,deterministic,1,synthetic
1373,bf61aec4d14a6799,p_ext_ml_digest_0823,manager_chat_open,2026-08-26 14:26:34.402549027,start=p_ext_ml_digest_0823,deterministic,0,synthetic
1374,c32ef7efd1a412a1,p_own_1859,bot_start,2026-08-26 16:09:50.078052626,start=p_own_1859,deterministic,0,synthetic
1375,4566e2fdf322fb03,p_ext_ml_digest_0823,bot_start,2026-08-26 17:19:15.259017744,start=p_ext_ml_digest_0823,deterministic,0,synthetic
1376,9e3b488e8501db46,p_own_1859,bot_start,2026-08-26 18:52:44.241737004,start=p_own_1859,deterministic,1,synthetic
1377,1eb3e751aa56c52a,p_ext_ml_digest_0823,manager_chat_open,2026-08-26 20:39:54.911051616,start=p_ext_ml_digest_0823,deterministic,1,synthetic
1378,57c7180205de9e51,p_ext_it_jobs_0822,manager_chat_open,2026-08-26 23:46:55.679327004,start=p_ext_it_jobs_0822,deterministic,1,synthetic
1379,45eb81efd5b98448,p_own_1836,bot_start,2026-08-27 01:14:27.766246923,start=p_own_1836,deterministic,1,synthetic
1380,0968313bd4564a1b,p_ext_ml_digest_0823,manager_chat_open,2026-08-27 01:49:35.874826029,start=p_ext_ml_digest_0823,deterministic,0,synthetic
1381,4ef7ebd1a5d5ea1f,p_own_1863,bot_start,2026-08-27 02:14:55.889142752,start=p_own_1863,deterministic,0,synthetic
1382,f9232f952ee53158,p_ext_ml_digest_0823,bot_start,2026-08-27 07:07:17.103197761,start=p_ext_ml_digest_0823,deterministic,0,synthetic
1383,c19662438e7ddf15,p_own_1863,bot_start,2026-08-27 09:02:36.703114602,start=p_own_1863,deterministic,0,synthetic
1384,6a1260debc855541,p_own_1843,bot_start,2026-08-27 10:37:38.191485588,start=p_own_1843,deterministic,1,synthetic
1385,01d65e24055fbc83,p_own_1860,bot_start,2026-08-27 11:13:47.650502206,start=p_own_1860,deterministic,0,synthetic
1386,5504eb33310b87be,p_own_1863,promo_code_used,2026-08-27 18:15:00.001116361,start=p_own_1863,deterministic,1,synthetic
1387,52916b567229c732,p_own_1863,bot_start,2026-08-27 20:35:14.174726249,start=p_own_1863,deterministic,0,synthetic
1388,f4e37fcd432dc7fe,p_ext_ml_digest_0823,bot_start,2026-08-27 21:13:56.551225678,start=p_ext_ml_digest_0823,deterministic,1,synthetic
1389,c7a85b7a693d0fb1,p_own_1860,manager_chat_open,2026-08-28 01:05:55.051509748,start=p_own_1860,deterministic,0,synthetic
1390,90118306129c31a2,p_own_1852,bot_start,2026-08-28 03:54:02.360885651,start=p_own_1852,deterministic,1,synthetic
1391,cbef1a077361cf6f,p_ext_stud_life_0821,bot_start,2026-08-28 06:23:10.653984899,start=p_ext_stud_life_0821,deterministic,1,synthetic
1392,45ae6ca41aa044b5,p_own_1852,manager_chat_open,2026-08-28 06:29:10.015173070,start=p_own_1852,deterministic,1,synthetic
1393,56b0acd90eb99812,p_own_1852,manager_chat_open,2026-08-28 07:28:25.724329180,start=p_own_1852,deterministic,1,synthetic
1394,c39033f1bd8a1d58,p_ext_ml_digest_0823,bot_start,2026-08-28 09:10:41.431416038,start=p_ext_ml_digest_0823,deterministic,1,synthetic
1395,426438b6b17ebed4,p_own_1860,bot_start,2026-08-28 10:42:33.170687566,start=p_own_1860,deterministic,1,synthetic
1396,da1f02439cf27f99,p_ext_ml_digest_0823,manager_chat_open,2026-08-28 11:01:54.395826183,start=p_ext_ml_digest_0823,deterministic,1,synthetic
1397,a137a977b79d38e9,p_ext_ml_digest_0823,bot_start,2026-08-28 13:53:25.122997081,start=p_ext_ml_digest_0823,deterministic,1,synthetic
1398,6a47c8733989e399,p_ext_ml_digest_0823,bot_start,2026-08-28 15:53:21.701770550,start=p_ext_ml_digest_0823,deterministic,1,synthetic
1399,ee1f3bf073a5f16f,p_own_1863,manager_chat_open,2026-08-28 16:57:58.067778365,start=p_own_1863,deterministic,0,synthetic
1400,f4e37fcd432dc7fe,p_own_1870,bot_start,2026-08-28 19:10:59.000000000,start=p_own_1870,deterministic,1,synthetic
1401,0d8906de690bc7c6,p_own_1870,manager_chat_open,2026-08-28 19:10:59.000000000,start=p_own_1870,deterministic,1,synthetic
1402,23d219c90257a64d,p_own_1870,bot_start,2026-08-28 19:10:59.000000000,start=p_own_1870,deterministic,1,synthetic
1403,b5fc887ca807d784,p_own_1870,bot_start,2026-08-28 19:10:59.000000000,start=p_own_1870,deterministic,1,synthetic
1404,24a7fae99ca9149d,p_own_1870,bot_start,2026-08-28 19:10:59.000000000,start=p_own_1870,deterministic,1,synthetic
1405,f9530cf11dbc7b60,p_own_1870,promo_code_used,2026-08-28 19:10:59.000000000,start=p_own_1870,deterministic,1,synthetic
1406,fb3c16d815ef3977,p_own_1870,promo_code_used,2026-08-28 19:10:59.000000000,start=p_own_1870,deterministic,1,synthetic
1407,45eb81efd5b98448,p_own_1870,bot_start,2026-08-28 19:10:59.000000000,start=p_own_1870,deterministic,1,synthetic
1408,34a01f9bfc98fec5,p_own_1870,bot_start,2026-08-28 22:07:27.675310217,start=p_own_1870,deterministic,0,synthetic
1409,df2e6ba38fadbdeb,p_own_1859,manager_chat_open,2026-08-28 22:31:54.328554922,start=p_own_1859,deterministic,1,synthetic
1410,4c18b172d0f020d2,p_own_1870,manager_chat_open,2026-08-28 23:18:04.602680513,start=p_own_1870,deterministic,0,synthetic
1411,7cabc31398efe389,p_own_1860,bot_start,2026-08-29 01:35:22.306783099,start=p_own_1860,deterministic,1,synthetic
1412,bae967392fafcdb9,p_own_1870,manager_chat_open,2026-08-29 02:16:46.146197904,start=p_own_1870,deterministic,0,synthetic
1413,adf5478d960e0244,p_own_1870,manager_chat_open,2026-08-29 02:25:15.307294292,start=p_own_1870,deterministic,0,synthetic
1414,72411664655479f8,p_own_1870,bot_start,2026-08-29 03:26:11.087374190,start=p_own_1870,deterministic,0,synthetic
1415,5cc81964568291e8,p_own_1870,bot_start,2026-08-29 04:09:46.596568177,start=p_own_1870,deterministic,0,synthetic
1416,a73f33607f873c1b,p_own_1870,manager_chat_open,2026-08-29 04:55:26.917986491,start=p_own_1870,deterministic,0,synthetic
1417,5ca431119a85bc7c,p_own_1870,bot_start,2026-08-29 07:41:19.177608448,start=p_own_1870,deterministic,1,synthetic
1418,1261cb290d3d3207,p_own_1860,manager_chat_open,2026-08-29 08:04:41.691121746,start=p_own_1860,deterministic,1,synthetic
1419,bc1ef73508df9ccf,p_own_1859,manager_chat_open,2026-08-29 13:00:32.931112084,start=p_own_1859,deterministic,1,synthetic
1420,49e3446ac23723ee,p_own_1870,manager_chat_open,2026-08-29 13:01:45.706146667,start=p_own_1870,deterministic,0,synthetic
1421,6489625121a3d355,p_own_1870,bot_start,2026-08-29 14:20:34.481428945,start=p_own_1870,deterministic,0,synthetic
1422,5e63f9620ea690ac,p_own_1870,bot_start,2026-08-29 14:34:47.847911750,start=p_own_1870,deterministic,0,synthetic
1423,186b4592210fb967,p_ext_stud_life_0821,manager_chat_open,2026-08-29 14:47:37.305538125,start=p_ext_stud_life_0821,deterministic,1,synthetic
1424,06d7f7e40bf91def,p_own_1870,bot_start,2026-08-29 15:48:47.163354742,start=p_own_1870,deterministic,0,synthetic
1425,98d127a259211c3a,p_own_1870,bot_start,2026-08-29 16:01:52.419778212,start=p_own_1870,deterministic,0,synthetic
1426,6d019fc2c0e6838a,p_ext_it_jobs_0822,bot_start,2026-08-29 16:40:57.188841439,start=p_ext_it_jobs_0822,deterministic,1,synthetic
1427,62f1e5f1a92b98b8,p_own_1870,bot_start,2026-08-29 16:50:53.422668909,start=p_own_1870,deterministic,1,synthetic
1428,ea63fecc15683458,p_ext_ml_digest_0823,bot_start,2026-08-29 19:24:30.273727378,start=p_ext_ml_digest_0823,deterministic,1,synthetic
1429,a902ab67033962c6,p_own_1870,bot_start,2026-08-29 21:09:59.108655625,start=p_own_1870,deterministic,0,synthetic
1430,6b7ccf8f30b998fa,p_ext_ml_digest_0823,bot_start,2026-08-29 21:23:05.036376347,start=p_ext_ml_digest_0823,deterministic,1,synthetic
1431,9c3caf3ee3506ddc,p_own_1870,bot_start,2026-08-29 21:35:06.524673240,start=p_own_1870,deterministic,0,synthetic
1432,3000501f2b9f28b7,p_ext_ml_digest_0823,bot_start,2026-08-29 21:43:36.632354777,start=p_ext_ml_digest_0823,deterministic,0,synthetic
1433,76132797f18c753e,p_own_1870,bot_start,2026-08-29 22:03:22.324245126,start=p_own_1870,deterministic,0,synthetic
1434,5ca431119a85bc7c,p_own_1872,bot_start,2026-08-29 22:03:58.000000000,start=p_own_1872,deterministic,1,synthetic
1435,27814ff18b5a7056,p_own_1872,manager_chat_open,2026-08-29 22:03:58.000000000,start=p_own_1872,deterministic,1,synthetic
1436,a68f4833e562f25f,p_own_1872,promo_code_used,2026-08-29 22:03:58.000000000,start=p_own_1872,deterministic,1,synthetic
1437,bc1ef73508df9ccf,p_own_1872,manager_chat_open,2026-08-29 22:03:58.000000000,start=p_own_1872,deterministic,1,synthetic
1438,18368bc487c5d0ad,p_own_1872,bot_start,2026-08-29 22:03:58.000000000,start=p_own_1872,deterministic,1,synthetic
1439,ffeaa53449749150,p_own_1872,bot_start,2026-08-29 22:03:58.000000000,start=p_own_1872,deterministic,1,synthetic
1440,186b4592210fb967,p_own_1872,bot_start,2026-08-29 22:03:58.000000000,start=p_own_1872,deterministic,1,synthetic
1441,7f1b9f5a44380d36,p_ext_ml_digest_0823,bot_start,2026-08-29 22:11:15.997646068,start=p_ext_ml_digest_0823,deterministic,0,synthetic
1442,bc36974329c74fe3,p_own_1840,promo_code_used,2026-08-29 23:34:06.298288231,start=p_own_1840,deterministic,1,synthetic
1443,c9afa26b4ce076ea,p_own_1872,bot_start,2026-08-30 00:22:13.208651041,start=p_own_1872,deterministic,0,synthetic
1444,c89877045b0a2895,p_own_1872,bot_start,2026-08-30 01:04:45.651411685,start=p_own_1872,deterministic,1,synthetic
1445,6617660e6455f547,p_own_1863,bot_start,2026-08-30 01:43:53.660326930,start=p_own_1863,deterministic,1,synthetic
1446,f789c48288c078fc,p_own_1872,bot_start,2026-08-30 02:21:35.064257773,start=p_own_1872,deterministic,0,synthetic
1447,251da51d66f02972,p_own_1872,manager_chat_open,2026-08-30 02:48:39.425584633,start=p_own_1872,deterministic,0,synthetic
1448,8870818c97029a6d,p_own_1872,manager_chat_open,2026-08-30 03:52:41.537469824,start=p_own_1872,deterministic,0,synthetic
1449,ae57acd50d7f04b4,p_own_1870,bot_start,2026-08-30 04:08:36.902678067,start=p_own_1870,deterministic,0,synthetic
1450,eb5a052d1271e735,p_own_1872,bot_start,2026-08-30 04:13:55.858936341,start=p_own_1872,deterministic,0,synthetic
1451,db4a65cb1273205e,p_own_1872,promo_code_used,2026-08-30 05:04:34.799998605,start=p_own_1872,deterministic,0,synthetic
1452,ee702ae6737d386b,p_own_1872,manager_chat_open,2026-08-30 05:42:22.173354075,start=p_own_1872,deterministic,0,synthetic
1453,bd148991782f6f94,p_own_1872,promo_code_used,2026-08-30 06:35:16.180321665,start=p_own_1872,deterministic,0,synthetic
1454,4c737d2c2c611767,p_ext_ml_digest_0823,bot_start,2026-08-30 07:14:10.816232010,start=p_ext_ml_digest_0823,deterministic,1,synthetic
1455,81c2ad1f45c207fc,p_own_1863,manager_chat_open,2026-08-30 07:44:58.636561868,start=p_own_1863,deterministic,1,synthetic
1456,838c08d2b3cc7a91,p_own_1872,bot_start,2026-08-30 08:00:13.221569542,start=p_own_1872,deterministic,1,synthetic
1457,052e444e09cc6122,p_ext_it_jobs_0822,manager_chat_open,2026-08-30 08:45:46.539493846,start=p_ext_it_jobs_0822,deterministic,1,synthetic
1458,7956273dfe6574f7,p_own_1872,bot_start,2026-08-30 08:52:53.797532581,start=p_own_1872,deterministic,0,synthetic
1459,e038c338e4cef085,p_own_1863,promo_code_used,2026-08-30 09:14:28.587413352,start=p_own_1863,deterministic,1,synthetic
1460,68fc4ade4b8ff229,p_own_1872,bot_start,2026-08-30 09:15:20.500752750,start=p_own_1872,deterministic,0,synthetic
1461,4fdeeef4a12e7d42,p_own_1870,promo_code_used,2026-08-30 10:10:04.812077174,start=p_own_1870,deterministic,0,synthetic
1462,c1f8301edce82172,p_own_1872,promo_code_used,2026-08-30 10:26:37.215705929,start=p_own_1872,deterministic,0,synthetic
1463,7e3a1574dfccbcaa,p_own_1872,promo_code_used,2026-08-30 11:17:12.401406823,start=p_own_1872,deterministic,1,synthetic
1464,3aa8dcf8573ff264,p_own_1872,bot_start,2026-08-30 11:18:22.956478047,start=p_own_1872,deterministic,0,synthetic
1465,905c0f29e8c7f782,p_own_1870,bot_start,2026-08-30 11:26:59.140033820,start=p_own_1870,deterministic,0,synthetic
1466,b5fc887ca807d784,p_own_1872,manager_chat_open,2026-08-30 11:38:01.070836405,start=p_own_1872,deterministic,1,synthetic
1467,1d7bdbbb65d1e4cc,p_ext_stud_life_0821,bot_start,2026-08-30 12:02:36.210826519,start=p_ext_stud_life_0821,deterministic,1,synthetic
1468,f0c496039557c034,p_own_1872,bot_start,2026-08-30 12:14:44.128747544,start=p_own_1872,deterministic,0,synthetic
1469,fb3c16d815ef3977,p_ext_yt_review_0830,promo_code_used,2026-08-30 15:05:00.000000000,start=p_ext_yt_review_0830,deterministic,1,synthetic
1470,c322966b2621daff,p_ext_yt_review_0830,manager_chat_open,2026-08-30 15:05:00.000000000,start=p_ext_yt_review_0830,deterministic,1,synthetic
1471,59e0ada7fa379325,p_ext_yt_review_0830,bot_start,2026-08-30 15:05:00.000000000,start=p_ext_yt_review_0830,deterministic,1,synthetic
1472,da1f02439cf27f99,p_ext_yt_review_0830,manager_chat_open,2026-08-30 15:05:00.000000000,start=p_ext_yt_review_0830,deterministic,1,synthetic
1473,4085fe1a3f2d5581,p_ext_yt_review_0830,bot_start,2026-08-30 15:05:00.000000000,start=p_ext_yt_review_0830,deterministic,1,synthetic
1474,b9e4882bfc5c82d0,p_ext_yt_review_0830,manager_chat_open,2026-08-30 15:05:00.000000000,start=p_ext_yt_review_0830,deterministic,1,synthetic
1475,17cb9700872906f1,p_ext_yt_review_0830,bot_start,2026-08-30 15:05:00.000000000,start=p_ext_yt_review_0830,deterministic,1,synthetic
1476,7cabc31398efe389,p_own_1874,bot_start,2026-08-30 16:31:37.000000000,start=p_own_1874,deterministic,1,synthetic
1477,17cb9700872906f1,p_own_1874,manager_chat_open,2026-08-30 16:31:37.000000000,start=p_own_1874,deterministic,1,synthetic
1478,f51f44ed643c2938,p_own_1874,bot_start,2026-08-30 16:31:37.000000000,start=p_own_1874,deterministic,1,synthetic
1479,a6c16d594bfaa161,p_own_1874,manager_chat_open,2026-08-30 16:31:37.000000000,start=p_own_1874,deterministic,1,synthetic
1480,65fee6f650809300,p_own_1874,bot_start,2026-08-30 16:31:37.000000000,start=p_own_1874,deterministic,1,synthetic
1481,006bdb8737af54f0,p_own_1874,bot_start,2026-08-30 16:31:37.000000000,start=p_own_1874,deterministic,1,synthetic
1482,35a41a0337231855,p_own_1874,manager_chat_open,2026-08-30 16:31:37.000000000,start=p_own_1874,deterministic,1,synthetic
1483,ea63fecc15683458,p_own_1874,bot_start,2026-08-30 16:31:37.000000000,start=p_own_1874,deterministic,1,synthetic
1484,176d59b6418f3d50,p_own_1872,bot_start,2026-08-30 16:59:49.779779068,start=p_own_1872,deterministic,0,synthetic
1485,5d8e35ceadd0daf3,p_own_1872,manager_chat_open,2026-08-30 17:14:02.534200799,start=p_own_1872,deterministic,0,synthetic
1486,3578d3caf68be8c6,p_own_1872,bot_start,2026-08-30 17:15:41.075013401,start=p_own_1872,deterministic,1,synthetic
1487,2aa94ed68f992c28,p_own_1874,manager_chat_open,2026-08-30 17:52:11.647561433,start=p_own_1874,deterministic,0,synthetic
1488,5cfe17935324c82e,p_own_1872,bot_start,2026-08-30 18:06:55.293431319,start=p_own_1872,deterministic,0,synthetic
1489,49f5c31d52d267d1,p_own_1872,bot_start,2026-08-30 18:20:40.152846498,start=p_own_1872,deterministic,0,synthetic
1490,3746e4d2de6345c7,p_own_1872,manager_chat_open,2026-08-30 18:34:06.298957524,start=p_own_1872,deterministic,0,synthetic
1491,64be5888734c19e6,p_ext_yt_review_0830,bot_start,2026-08-30 18:50:41.791877996,start=p_ext_yt_review_0830,deterministic,0,synthetic
1492,78ebeaef9f6b2845,p_own_1870,bot_start,2026-08-30 19:13:23.246510459,start=p_own_1870,deterministic,0,synthetic
1493,f9f905efc36f4832,p_own_1852,manager_chat_open,2026-08-30 19:19:36.842792486,start=p_own_1852,deterministic,1,synthetic
1494,f4fadade88d237de,p_ext_yt_review_0830,bot_start,2026-08-30 19:25:59.168945287,start=p_ext_yt_review_0830,deterministic,0,synthetic
1495,772b5ae45a766e20,p_ext_yt_review_0830,bot_start,2026-08-30 19:36:59.973186719,start=p_ext_yt_review_0830,deterministic,1,synthetic
1496,b4cb528a808a8702,p_own_1872,promo_code_used,2026-08-30 20:07:21.692186298,start=p_own_1872,deterministic,0,synthetic
1497,9394018b2e5adebf,p_own_1872,bot_start,2026-08-30 20:10:47.565424595,start=p_own_1872,deterministic,0,synthetic
1498,003e425808d1fb29,p_own_1874,manager_chat_open,2026-08-30 21:01:39.053432200,start=p_own_1874,deterministic,0,synthetic
1499,4bf4a56029389e99,p_own_1870,manager_chat_open,2026-08-30 21:25:46.984350295,start=p_own_1870,deterministic,0,synthetic
1500,cf46c2521645da54,p_own_1874,manager_chat_open,2026-08-30 22:06:33.282620595,start=p_own_1874,deterministic,0,synthetic
1501,89a6c37b03b1503e,p_own_1874,bot_start,2026-08-30 22:16:16.477236487,start=p_own_1874,deterministic,0,synthetic
1502,a28ddb1b3ab1c777,p_own_1872,bot_start,2026-08-30 22:33:25.241108915,start=p_own_1872,deterministic,1,synthetic
1503,3b669d8d227d773a,p_ext_yt_review_0830,manager_chat_open,2026-08-30 22:37:06.459887164,start=p_ext_yt_review_0830,deterministic,1,synthetic
1504,502e73c7100ec00c,p_own_1874,manager_chat_open,2026-08-30 23:02:58.959535786,start=p_own_1874,deterministic,0,synthetic
1505,2074b2acb5c38213,p_ext_yt_review_0830,bot_start,2026-08-30 23:17:17.082691634,start=p_ext_yt_review_0830,deterministic,0,synthetic
1506,bd2683e936fbb973,p_own_1872,manager_chat_open,2026-08-30 23:38:23.720195316,start=p_own_1872,deterministic,0,synthetic
1507,3f55a29bc1895cad,p_ext_yt_review_0830,bot_start,2026-08-30 23:44:49.206020833,start=p_ext_yt_review_0830,deterministic,0,synthetic
1508,8a6ed78341e7e936,p_own_1872,manager_chat_open,2026-08-31 00:07:04.769273102,start=p_own_1872,deterministic,1,synthetic
1509,f8fbdca458919c82,p_own_1859,bot_start,2026-08-31 00:20:30.202084122,start=p_own_1859,deterministic,1,synthetic
1510,b256c6162461d80f,p_ext_it_jobs_0822,manager_chat_open,2026-08-31 00:46:13.705652759,start=p_ext_it_jobs_0822,deterministic,1,synthetic
1511,50774c1c55c2778e,p_ext_yt_review_0830,bot_start,2026-08-31 01:10:22.606752994,start=p_ext_yt_review_0830,deterministic,0,synthetic
1512,ecd4828ad724d52c,p_own_1874,bot_start,2026-08-31 01:23:17.826828280,start=p_own_1874,deterministic,0,synthetic
1513,90b41cc29068032e,p_ext_yt_review_0830,bot_start,2026-08-31 01:46:02.630571609,start=p_ext_yt_review_0830,deterministic,0,synthetic
1514,22c1eda49b1f8476,p_own_1874,bot_start,2026-08-31 02:49:27.881705809,start=p_own_1874,deterministic,0,synthetic
1515,23b16c2a2a4f8ad5,p_ext_yt_review_0830,promo_code_used,2026-08-31 03:08:19.018075517,start=p_ext_yt_review_0830,deterministic,0,synthetic
1516,4ad43cf3be3e0302,p_own_1874,bot_start,2026-08-31 03:56:32.665969350,start=p_own_1874,deterministic,0,synthetic
1517,9997ef1381a947e6,p_ext_yt_review_0830,bot_start,2026-08-31 04:08:22.910172004,start=p_ext_yt_review_0830,deterministic,0,synthetic
1518,6d2a790cb05e8a21,p_ext_yt_review_0830,manager_chat_open,2026-08-31 04:13:33.079833782,start=p_ext_yt_review_0830,deterministic,0,synthetic
1519,d93fc0b5e78486f0,p_ext_yt_review_0830,promo_code_used,2026-08-31 04:50:29.109237087,start=p_ext_yt_review_0830,deterministic,0,synthetic
1520,0ca057f96a8d6697,p_own_1872,manager_chat_open,2026-08-31 04:51:46.215900440,start=p_own_1872,deterministic,0,synthetic
1521,6e84323edbf6c0f9,p_own_1874,promo_code_used,2026-08-31 04:58:39.372702744,start=p_own_1874,deterministic,0,synthetic
1522,be2df7985d26303d,p_own_1870,manager_chat_open,2026-08-31 05:02:27.748008223,start=p_own_1870,deterministic,0,synthetic
1523,13bac25e6c2f8ccd,p_own_1872,manager_chat_open,2026-08-31 05:25:57.119260463,start=p_own_1872,deterministic,0,synthetic
1524,edfd6b594a189449,p_own_1872,bot_start,2026-08-31 05:45:20.056815481,start=p_own_1872,deterministic,0,synthetic
1525,bcea3c67f68ba46c,p_own_1872,bot_start,2026-08-31 05:55:27.501213924,start=p_own_1872,deterministic,1,synthetic
1526,6149860559fb5c7d,p_own_1859,bot_start,2026-08-31 09:10:37.138985714,start=p_own_1859,deterministic,1,synthetic
1527,2eec660b81f9a047,p_own_1874,bot_start,2026-08-31 09:34:11.888454805,start=p_own_1874,deterministic,0,synthetic
1528,da994b567ccd915b,p_own_1874,bot_start,2026-08-31 10:39:02.267157100,start=p_own_1874,deterministic,0,synthetic
1529,7c40c0c19b3e8ce6,p_own_1870,bot_start,2026-08-31 10:48:17.848154045,start=p_own_1870,deterministic,0,synthetic
1530,49fc94bd6032e48f,p_own_1870,bot_start,2026-08-31 10:50:13.268340946,start=p_own_1870,deterministic,1,synthetic
1531,cf6579f292185c3e,p_own_1872,bot_start,2026-08-31 12:08:55.154641335,start=p_own_1872,deterministic,1,synthetic
1532,062f6b5915833ceb,p_own_1874,bot_start,2026-08-31 12:10:14.934982231,start=p_own_1874,deterministic,0,synthetic
1533,9a0eaab96f16c5df,p_own_1872,manager_chat_open,2026-08-31 12:39:42.573990262,start=p_own_1872,deterministic,1,synthetic
1534,0867d93bfdfd7303,p_ext_yt_review_0830,promo_code_used,2026-08-31 13:44:09.362972326,start=p_ext_yt_review_0830,deterministic,0,synthetic
1535,c8abb55903635d9f,p_own_1863,manager_chat_open,2026-08-31 15:13:27.548068218,start=p_own_1863,deterministic,1,synthetic
1536,f78c93e3947aed4a,p_own_1872,manager_chat_open,2026-08-31 15:43:35.860371476,start=p_own_1872,deterministic,0,synthetic
1537,aa276432b26edcfb,p_own_1872,manager_chat_open,2026-08-31 15:52:51.191867918,start=p_own_1872,deterministic,0,synthetic
1538,ae7bc0da491f8ed2,p_ext_stud_life_0821,bot_start,2026-08-31 15:58:02.619283025,start=p_ext_stud_life_0821,deterministic,1,synthetic
1539,f59369b809daa3a0,p_own_1870,promo_code_used,2026-08-31 16:15:10.759996004,start=p_own_1870,deterministic,1,synthetic
1540,90773b07b90c4473,p_own_1872,bot_start,2026-08-31 16:31:16.423046259,start=p_own_1872,deterministic,1,synthetic
1541,1261cb290d3d3207,p_ext_stud_life_0821,manager_chat_open,2026-08-31 16:42:59.387737281,start=p_ext_stud_life_0821,deterministic,1,synthetic
1542,440744857978519f,p_ext_ml_digest_0823,bot_start,2026-08-31 16:53:54.502168070,start=p_ext_ml_digest_0823,deterministic,1,synthetic
1543,6dee363e0ae8bf6f,p_ext_yt_review_0830,bot_start,2026-08-31 16:55:13.148718812,start=p_ext_yt_review_0830,deterministic,0,synthetic
1544,c560a4e4ae63f223,p_own_1875,promo_code_used,2026-08-31 17:16:02.000000000,start=p_own_1875,deterministic,1,synthetic
1545,c49fffd8decd4505,p_own_1875,bot_start,2026-08-31 17:16:02.000000000,start=p_own_1875,deterministic,1,synthetic
1546,95cf5a9bf62b420a,p_own_1875,bot_start,2026-08-31 17:16:02.000000000,start=p_own_1875,deterministic,1,synthetic
1547,3484cdf73bbf44f6,p_own_1875,bot_start,2026-08-31 17:16:02.000000000,start=p_own_1875,deterministic,1,synthetic
1548,c39033f1bd8a1d58,p_own_1875,bot_start,2026-08-31 17:16:02.000000000,start=p_own_1875,deterministic,1,synthetic
1549,e4286bbdfc60d18a,p_own_1875,bot_start,2026-08-31 17:16:02.000000000,start=p_own_1875,deterministic,1,synthetic
1550,fcc81c9ba0901e6d,p_own_1875,bot_start,2026-08-31 17:16:02.000000000,start=p_own_1875,deterministic,1,synthetic
1551,24a7fae99ca9149d,p_own_1875,bot_start,2026-08-31 17:16:02.000000000,start=p_own_1875,deterministic,1,synthetic
1552,7712183c49efa53d,p_own_1875,manager_chat_open,2026-08-31 17:16:02.000000000,start=p_own_1875,deterministic,1,synthetic
1553,4c9db604523c2351,p_own_1875,bot_start,2026-08-31 17:16:02.000000000,start=p_own_1875,deterministic,1,synthetic
1554,308cd3a0d8cb1cc1,p_own_1875,promo_code_used,2026-08-31 17:16:02.000000000,start=p_own_1875,deterministic,1,synthetic
1555,272cc6534a9b2dfc,p_own_1875,bot_start,2026-08-31 17:16:02.000000000,start=p_own_1875,deterministic,1,synthetic
1556,29852241e6da1e07,p_ext_ml_digest_0823,bot_start,2026-08-31 17:38:18.598677597,start=p_ext_ml_digest_0823,deterministic,1,synthetic
1557,5b4b58baf3ed4fd6,p_own_1874,bot_start,2026-08-31 18:08:24.324122482,start=p_own_1874,deterministic,0,synthetic
1558,df3165696d8f514e,p_own_1872,bot_start,2026-08-31 18:09:08.352892653,start=p_own_1872,deterministic,0,synthetic
1559,d4f7a4b1c725339b,p_ext_yt_review_0830,bot_start,2026-08-31 18:11:35.365123204,start=p_ext_yt_review_0830,deterministic,0,synthetic
1560,116f80402dd251d8,p_own_1852,bot_start,2026-08-31 18:16:13.138627420,start=p_own_1852,deterministic,1,synthetic
1561,d38fded3391d7918,p_own_1875,bot_start,2026-08-31 18:32:46.933106258,start=p_own_1875,deterministic,0,synthetic
1562,24f0b21cc03152a7,p_own_1875,bot_start,2026-08-31 18:57:14.604836792,start=p_own_1875,deterministic,0,synthetic
1563,9d879f1b0292e0d0,p_own_1874,bot_start,2026-08-31 19:00:43.113871259,start=p_own_1874,deterministic,0,synthetic
1564,75706acee937cce4,p_own_1875,bot_start,2026-08-31 19:33:28.730362245,start=p_own_1875,deterministic,0,synthetic
1565,fe173c3697ccfb50,p_own_1870,bot_start,2026-08-31 20:09:27.424441329,start=p_own_1870,deterministic,0,synthetic
1566,8d56e487146fe7af,p_own_1875,bot_start,2026-08-31 20:10:46.729976387,start=p_own_1875,deterministic,0,synthetic
1567,9335ce00cfafd66b,p_own_1875,manager_chat_open,2026-08-31 21:21:40.033288458,start=p_own_1875,deterministic,0,synthetic
1568,c29dd2ce3ecede54,p_own_1875,manager_chat_open,2026-08-31 21:25:26.360381946,start=p_own_1875,deterministic,0,synthetic
1569,95cf5a9bf62b420a,p_ext_yt_review_0830,manager_chat_open,2026-08-31 21:40:19.342849165,start=p_ext_yt_review_0830,deterministic,1,synthetic
1570,1a825644e7c79c92,p_own_1875,manager_chat_open,2026-08-31 22:01:11.867951229,start=p_own_1875,deterministic,0,synthetic
1571,426438b6b17ebed4,p_own_1863,manager_chat_open,2026-08-31 22:11:15.761466296,start=p_own_1863,deterministic,1,synthetic
1572,55751743aef0afef,p_own_1875,manager_chat_open,2026-08-31 22:31:23.189107226,start=p_own_1875,deterministic,0,synthetic
1573,a0c6ae7b64f2dd79,p_ext_ml_digest_0823,bot_start,2026-08-31 23:49:17.985468805,start=p_ext_ml_digest_0823,deterministic,1,synthetic
1574,0d80ed8b4fa5e714,p_own_1875,promo_code_used,2026-09-01 00:42:45.211862070,start=p_own_1875,deterministic,0,synthetic
1575,9ae7c4785ffcb1b8,p_own_1872,bot_start,2026-09-01 00:43:55.620342878,start=p_own_1872,deterministic,1,synthetic
1576,d16bdb7881c7146b,p_own_1872,bot_start,2026-09-01 00:52:19.648511990,start=p_own_1872,deterministic,0,synthetic
1577,ef9d6d1ad223cc17,p_own_1875,bot_start,2026-09-01 01:29:32.458000619,start=p_own_1875,deterministic,0,synthetic
1578,611d7ecee0a47948,p_own_1875,manager_chat_open,2026-09-01 01:35:09.377111252,start=p_own_1875,deterministic,0,synthetic
1579,b771a10230f6ef0f,p_own_1874,bot_start,2026-09-01 02:01:35.078667460,start=p_own_1874,deterministic,0,synthetic
1580,57e637c36e1b15c7,p_own_1872,bot_start,2026-09-01 02:04:57.700956269,start=p_own_1872,deterministic,0,synthetic
1581,b4da314d814bc76b,p_own_1870,bot_start,2026-09-01 02:20:12.793959503,start=p_own_1870,deterministic,1,synthetic
1582,a6c16d594bfaa161,p_ext_yt_review_0830,manager_chat_open,2026-09-01 02:30:36.352106793,start=p_ext_yt_review_0830,deterministic,1,synthetic
1583,753dfc8183f4ffa5,p_own_1875,promo_code_used,2026-09-01 03:23:54.187592190,start=p_own_1875,deterministic,1,synthetic
1584,da99ebad15d5c1c9,p_own_1874,bot_start,2026-09-01 03:36:34.861688323,start=p_own_1874,deterministic,1,synthetic
1585,1a1a1bd37e84b5de,p_own_1875,manager_chat_open,2026-09-01 04:02:17.907187204,start=p_own_1875,deterministic,0,synthetic
1586,8911ce36915ffc99,p_own_1875,manager_chat_open,2026-09-01 04:06:45.906385221,start=p_own_1875,deterministic,0,synthetic
1587,18368bc487c5d0ad,p_own_1870,bot_start,2026-09-01 04:42:35.489617969,start=p_own_1870,deterministic,1,synthetic
1588,78081d9d08f8dc0a,p_own_1874,bot_start,2026-09-01 05:56:21.838042049,start=p_own_1874,deterministic,1,synthetic
1589,17fe4c3596438e73,p_ext_yt_review_0830,bot_start,2026-09-01 06:40:41.657034547,start=p_ext_yt_review_0830,deterministic,0,synthetic
1590,7cc4e8e14210296d,p_own_1870,manager_chat_open,2026-09-01 06:41:59.570510795,start=p_own_1870,deterministic,0,synthetic
1591,77d13262f052598e,p_own_1875,bot_start,2026-09-01 07:28:46.071103488,start=p_own_1875,deterministic,0,synthetic
1592,6ac3be5fce10abb0,p_own_1875,bot_start,2026-09-01 07:59:39.448202377,start=p_own_1875,deterministic,0,synthetic
1593,178155f491c998e6,p_own_1875,manager_chat_open,2026-09-01 08:13:30.369339144,start=p_own_1875,deterministic,0,synthetic
1594,dc7da404394c8637,p_own_1874,bot_start,2026-09-01 08:57:34.598174831,start=p_own_1874,deterministic,1,synthetic
1595,35975ffa12402890,p_ext_ml_digest_0823,promo_code_used,2026-09-01 09:40:36.107448081,start=p_ext_ml_digest_0823,deterministic,1,synthetic
1596,ba35eb45295600e5,p_own_1870,bot_start,2026-09-01 10:40:37.879022830,start=p_own_1870,deterministic,1,synthetic
1597,2b0d7e12512c760d,p_own_1872,bot_start,2026-09-01 10:43:17.405146016,start=p_own_1872,deterministic,0,synthetic
1598,b9e55651427f31c9,p_own_1875,bot_start,2026-09-01 10:46:29.993764039,start=p_own_1875,deterministic,0,synthetic
1599,15175cfcdd9112bc,p_own_1874,manager_chat_open,2026-09-01 10:49:03.388442555,start=p_own_1874,deterministic,0,synthetic
1600,4b665131d48b6bf0,p_own_1875,bot_start,2026-09-01 10:53:46.736711063,start=p_own_1875,deterministic,0,synthetic
1601,c8f758a6ed61ee4f,p_own_1875,manager_chat_open,2026-09-01 11:24:41.558193555,start=p_own_1875,deterministic,0,synthetic
1602,78173708ed632dbf,p_own_1875,bot_start,2026-09-01 11:44:07.082448973,start=p_own_1875,deterministic,1,synthetic
1603,39d209e11b3cc76b,p_own_1875,bot_start,2026-09-01 11:53:47.853003467,start=p_own_1875,deterministic,0,synthetic
1604,b8f8dffb950a8365,p_own_1875,manager_chat_open,2026-09-01 12:06:46.871187350,start=p_own_1875,deterministic,0,synthetic
1605,18280ebd31dec609,p_own_1875,manager_chat_open,2026-09-01 12:46:22.804628921,start=p_own_1875,deterministic,0,synthetic
1606,4700e67ed8a79834,p_own_1872,bot_start,2026-09-01 13:10:04.593270297,start=p_own_1872,deterministic,1,synthetic
1607,8e1d3f4baff29eeb,p_own_1872,bot_start,2026-09-01 13:49:56.353677662,start=p_own_1872,deterministic,0,synthetic
1608,cfd73dd1226277dd,p_ext_yt_review_0830,manager_chat_open,2026-09-01 13:50:06.943630166,start=p_ext_yt_review_0830,deterministic,0,synthetic
1609,29ec55aac9586369,p_own_1870,manager_chat_open,2026-09-01 14:04:22.076442905,start=p_own_1870,deterministic,1,synthetic
1610,b4670eb268e24f31,p_own_1875,bot_start,2026-09-01 14:12:30.428360096,start=p_own_1875,deterministic,0,synthetic
1611,b3c61ac6c36d088a,p_own_1875,manager_chat_open,2026-09-01 14:42:31.901108119,start=p_own_1875,deterministic,1,synthetic
1612,1729fbcab320e27f,p_own_1872,manager_chat_open,2026-09-01 15:05:41.664988469,start=p_own_1872,deterministic,1,synthetic
1613,439809b85a5dcc9d,p_own_1875,bot_start,2026-09-01 16:02:23.987065231,start=p_own_1875,deterministic,0,synthetic
1614,9e3b488e8501db46,p_own_1875,bot_start,2026-09-01 16:25:36.214678457,start=p_own_1875,deterministic,1,synthetic
1615,4d4895c5648d62ed,p_own_1875,manager_chat_open,2026-09-01 16:57:38.773025526,start=p_own_1875,deterministic,0,synthetic
1616,2f43022bd1f24af7,p_own_1875,bot_start,2026-09-01 17:09:46.764272697,start=p_own_1875,deterministic,0,synthetic
1617,f8ec2d8d24de3433,p_own_1874,manager_chat_open,2026-09-01 17:12:07.524463531,start=p_own_1874,deterministic,0,synthetic
1618,2fe297b43eba86e0,p_own_1875,manager_chat_open,2026-09-01 17:48:36.784297104,start=p_own_1875,deterministic,0,synthetic
1619,d3d17c6963ecb85c,p_own_1875,manager_chat_open,2026-09-01 18:03:01.692721273,start=p_own_1875,deterministic,0,synthetic
1620,75fceb5f24b9d2ee,p_own_1870,bot_start,2026-09-01 18:52:48.198621954,start=p_own_1870,deterministic,0,synthetic
1621,7a7faca9a2618876,p_own_1875,manager_chat_open,2026-09-01 19:54:31.354880145,start=p_own_1875,deterministic,0,synthetic
1622,37da60d03e593ad7,p_own_1874,bot_start,2026-09-01 19:54:36.253678510,start=p_own_1874,deterministic,0,synthetic
1623,7e3a1574dfccbcaa,p_own_1874,manager_chat_open,2026-09-01 19:59:05.981232111,start=p_own_1874,deterministic,1,synthetic
1624,62d48d3cba6e363e,p_ext_yt_review_0830,bot_start,2026-09-01 20:19:15.197660854,start=p_ext_yt_review_0830,deterministic,0,synthetic
1625,f51f44ed643c2938,p_ext_yt_review_0830,bot_start,2026-09-01 20:23:24.507528579,start=p_ext_yt_review_0830,deterministic,1,synthetic
1626,ef04bd484f616ac4,p_own_1876,bot_start,2026-09-01 20:45:56.000000000,start=p_own_1876,deterministic,1,synthetic
1627,f5701ddaf146a21c,p_own_1876,manager_chat_open,2026-09-01 20:45:56.000000000,start=p_own_1876,deterministic,1,synthetic
1628,a3d398cc27d34214,p_own_1876,manager_chat_open,2026-09-01 20:45:56.000000000,start=p_own_1876,deterministic,1,synthetic
1629,b9e4882bfc5c82d0,p_own_1876,bot_start,2026-09-01 20:45:56.000000000,start=p_own_1876,deterministic,1,synthetic
1630,2eb62be0b1bd7545,p_own_1876,promo_code_used,2026-09-01 20:45:56.000000000,start=p_own_1876,deterministic,1,synthetic
1631,9ae7c4785ffcb1b8,p_own_1876,manager_chat_open,2026-09-01 20:45:56.000000000,start=p_own_1876,deterministic,1,synthetic
1632,d9bd99ea6f1def2a,p_own_1876,manager_chat_open,2026-09-01 20:45:56.000000000,start=p_own_1876,deterministic,1,synthetic
1633,2e3795c578e893ab,p_own_1876,bot_start,2026-09-01 20:45:56.000000000,start=p_own_1876,deterministic,1,synthetic
1634,cc4788eb4f0944c3,p_own_1876,manager_chat_open,2026-09-01 20:45:56.000000000,start=p_own_1876,deterministic,1,synthetic
1635,f51f44ed643c2938,p_own_1876,manager_chat_open,2026-09-01 20:45:56.000000000,start=p_own_1876,deterministic,1,synthetic
1636,d251b526c078a3de,p_own_1876,bot_start,2026-09-01 20:45:56.000000000,start=p_own_1876,deterministic,1,synthetic
1637,9a0eaab96f16c5df,p_own_1876,bot_start,2026-09-01 20:45:56.000000000,start=p_own_1876,deterministic,1,synthetic
1638,3484cdf73bbf44f6,p_own_1876,bot_start,2026-09-01 20:45:56.000000000,start=p_own_1876,deterministic,1,synthetic
1639,c9f8d49fcfc05582,p_own_1876,bot_start,2026-09-01 20:45:56.000000000,start=p_own_1876,deterministic,1,synthetic
1640,cd5ca3c2e3935419,p_own_1875,bot_start,2026-09-01 21:55:17.385747270,start=p_own_1875,deterministic,0,synthetic
1641,a9e560a00cf7dd5f,p_own_1875,bot_start,2026-09-01 22:01:19.528871592,start=p_own_1875,deterministic,0,synthetic
1642,3c84cca828002bc2,p_own_1863,bot_start,2026-09-01 22:15:38.355863696,start=p_own_1863,deterministic,1,synthetic
1643,db598110d6ac8657,p_own_1876,manager_chat_open,2026-09-01 22:50:16.619777419,start=p_own_1876,deterministic,0,synthetic
1644,22b7733d128f8880,p_own_1875,bot_start,2026-09-01 23:01:22.439365794,start=p_own_1875,deterministic,1,synthetic
1645,9fc060d35e82a98b,p_own_1876,manager_chat_open,2026-09-01 23:28:34.515724280,start=p_own_1876,deterministic,0,synthetic
1646,afa90742a55075d6,p_own_1872,bot_start,2026-09-01 23:31:46.361444261,start=p_own_1872,deterministic,0,synthetic
1647,b4c30b17fd0c9260,p_own_1874,bot_start,2026-09-01 23:34:30.067960699,start=p_own_1874,deterministic,0,synthetic
1648,238f2eea250fce9f,p_own_1876,manager_chat_open,2026-09-01 23:35:14.324242926,start=p_own_1876,deterministic,0,synthetic
1649,a56b0d4de8dc1c02,p_own_1876,manager_chat_open,2026-09-02 00:03:50.734114857,start=p_own_1876,deterministic,0,synthetic
1650,8ad510fed5d3dcba,p_own_1875,bot_start,2026-09-02 00:18:57.733104637,start=p_own_1875,deterministic,1,synthetic
1651,3c1c819fbb0282ec,p_own_1876,promo_code_used,2026-09-02 01:16:24.968213112,start=p_own_1876,deterministic,0,synthetic
1652,f229bb93a1e376b6,p_own_1876,bot_start,2026-09-02 02:04:14.203791554,start=p_own_1876,deterministic,0,synthetic
1653,8b6a44b2093ff5ca,p_own_1876,manager_chat_open,2026-09-02 02:34:19.853237998,start=p_own_1876,deterministic,1,synthetic
1654,b9a8d84e4ec87a55,p_own_1875,promo_code_used,2026-09-02 04:17:24.911538425,start=p_own_1875,deterministic,0,synthetic
1655,5f05820a05fe0791,p_own_1875,bot_start,2026-09-02 04:46:25.570370130,start=p_own_1875,deterministic,1,synthetic
1656,ea0f8fdeb1d0291e,p_own_1876,bot_start,2026-09-02 05:16:26.500651011,start=p_own_1876,deterministic,0,synthetic
1657,7f289fc040d6f051,p_ext_yt_review_0830,bot_start,2026-09-02 05:44:59.735529817,start=p_ext_yt_review_0830,deterministic,0,synthetic
1658,318071561e648324,p_own_1875,bot_start,2026-09-02 06:03:22.151899072,start=p_own_1875,deterministic,0,synthetic
1659,4c9db604523c2351,p_own_1859,promo_code_used,2026-09-02 06:28:07.697511283,start=p_own_1859,deterministic,1,synthetic
1660,413b24f5d7d121db,p_own_1874,bot_start,2026-09-02 06:36:54.709273581,start=p_own_1874,deterministic,0,synthetic
1661,426438b6b17ebed4,p_own_1875,manager_chat_open,2026-09-02 06:52:58.149835617,start=p_own_1875,deterministic,1,synthetic
1662,3b109e98ac697509,p_own_1876,manager_chat_open,2026-09-02 07:03:34.622769806,start=p_own_1876,deterministic,1,synthetic
1663,d251b526c078a3de,p_ext_ml_digest_0823,promo_code_used,2026-09-02 07:13:05.806934317,start=p_ext_ml_digest_0823,deterministic,1,synthetic
1664,0182605859e7b639,p_own_1870,bot_start,2026-09-02 07:46:13.580876407,start=p_own_1870,deterministic,1,synthetic
1665,a4d75efa33ff3045,p_own_1874,bot_start,2026-09-02 08:01:42.827749430,start=p_own_1874,deterministic,0,synthetic
1666,d1aab02df70a15be,p_own_1876,bot_start,2026-09-02 08:36:25.928396538,start=p_own_1876,deterministic,0,synthetic
1667,080a82c55826a766,p_own_1872,bot_start,2026-09-02 09:41:40.987250143,start=p_own_1872,deterministic,0,synthetic
1668,72eafab1ff45d649,p_own_1875,bot_start,2026-09-02 09:44:31.667396188,start=p_own_1875,deterministic,0,synthetic
1669,65fee6f650809300,p_own_1876,manager_chat_open,2026-09-02 09:48:22.057246137,start=p_own_1876,deterministic,1,synthetic
1670,661d1953bbcd05bd,p_own_1876,bot_start,2026-09-02 10:23:41.809615212,start=p_own_1876,deterministic,0,synthetic
1671,5c7096257382a5c0,p_ext_yt_review_0830,bot_start,2026-09-02 11:17:12.805783933,start=p_ext_yt_review_0830,deterministic,0,synthetic
1672,fcf5d1d0751b8944,p_own_1870,manager_chat_open,2026-09-02 11:31:20.827990860,start=p_own_1870,deterministic,1,synthetic
1673,f955461b49fb96b4,p_own_1875,bot_start,2026-09-02 12:39:32.619346244,start=p_own_1875,deterministic,0,synthetic
1674,86e2001b6c74dc52,p_own_1876,bot_start,2026-09-02 12:41:38.335769422,start=p_own_1876,deterministic,0,synthetic
1675,88e045971e28ffa9,p_own_1876,bot_start,2026-09-02 13:18:03.683040151,start=p_own_1876,deterministic,0,synthetic
1676,c46ea634044c27b6,p_own_1876,promo_code_used,2026-09-02 14:26:52.668232149,start=p_own_1876,deterministic,0,synthetic
1677,3d3f07c5ee0d47e0,p_own_1874,bot_start,2026-09-02 15:21:32.562783987,start=p_own_1874,deterministic,0,synthetic
1678,ffeaa53449749150,p_own_1874,promo_code_used,2026-09-02 16:33:39.531058542,start=p_own_1874,deterministic,1,synthetic
1679,b33ae7652eb99067,p_own_1875,manager_chat_open,2026-09-02 16:53:04.360637283,start=p_own_1875,deterministic,0,synthetic
1680,449aa6d367071b35,p_own_1875,bot_start,2026-09-02 17:09:34.522593050,start=p_own_1875,deterministic,1,synthetic
1681,dc21d04fde60b3db,p_own_1876,bot_start,2026-09-02 17:51:11.481034503,start=p_own_1876,deterministic,0,synthetic
1682,b11294ac160bc6d0,p_own_1875,manager_chat_open,2026-09-02 18:19:59.735650374,start=p_own_1875,deterministic,0,synthetic
1683,560923a2221f9696,p_ext_yt_review_0830,bot_start,2026-09-02 18:36:47.277591820,start=p_ext_yt_review_0830,deterministic,0,synthetic
1684,ae841dba57f6b6c0,p_own_1876,manager_chat_open,2026-09-02 18:53:22.832665258,start=p_own_1876,deterministic,0,synthetic
1685,116f80402dd251d8,p_own_1874,bot_start,2026-09-02 18:58:18.631510024,start=p_own_1874,deterministic,1,synthetic
1686,a9f6d9f946f0204f,p_own_1877,bot_start,2026-09-02 19:11:05.000000000,start=p_own_1877,deterministic,1,synthetic
1687,f9530cf11dbc7b60,p_own_1877,bot_start,2026-09-02 19:11:05.000000000,start=p_own_1877,deterministic,1,synthetic
1688,ffeaa53449749150,p_own_1877,manager_chat_open,2026-09-02 19:11:05.000000000,start=p_own_1877,deterministic,1,synthetic
1689,488a2bf24a22a0a6,p_own_1877,manager_chat_open,2026-09-02 19:11:05.000000000,start=p_own_1877,deterministic,1,synthetic
1690,b20a2d4a74adaa6e,p_own_1877,manager_chat_open,2026-09-02 19:11:05.000000000,start=p_own_1877,deterministic,1,synthetic
1691,dfb4af5501c19612,p_own_1877,bot_start,2026-09-02 19:11:05.000000000,start=p_own_1877,deterministic,1,synthetic
1692,835b2843665fdea0,p_own_1877,manager_chat_open,2026-09-02 19:11:05.000000000,start=p_own_1877,deterministic,1,synthetic
1693,7712183c49efa53d,p_own_1877,bot_start,2026-09-02 19:11:05.000000000,start=p_own_1877,deterministic,1,synthetic
1694,7f6cc7989c9cd679,p_own_1877,bot_start,2026-09-02 19:11:05.000000000,start=p_own_1877,deterministic,1,synthetic
1695,487da7275976b853,p_own_1877,bot_start,2026-09-02 19:11:05.000000000,start=p_own_1877,deterministic,1,synthetic
1696,f6d33e0097e75f5b,p_own_1877,bot_start,2026-09-02 19:11:05.000000000,start=p_own_1877,deterministic,1,synthetic
1697,47fca874988c6134,p_own_1877,manager_chat_open,2026-09-02 19:11:05.000000000,start=p_own_1877,deterministic,1,synthetic
1698,f7b2d590420c30a7,p_own_1877,bot_start,2026-09-02 19:11:05.000000000,start=p_own_1877,deterministic,1,synthetic
1699,483e348304dbb9b2,p_own_1877,bot_start,2026-09-02 20:26:03.918061013,start=p_own_1877,deterministic,0,synthetic
1700,2e3795c578e893ab,p_own_1877,manager_chat_open,2026-09-02 20:29:39.888670260,start=p_own_1877,deterministic,1,synthetic
1701,7c426ff5551bcee2,p_own_1876,manager_chat_open,2026-09-02 20:39:50.323668874,start=p_own_1876,deterministic,0,synthetic
1702,f5f08bab3156b0db,p_own_1877,bot_start,2026-09-02 20:47:17.408560985,start=p_own_1877,deterministic,0,synthetic
1703,7407bdc1291a6905,p_own_1876,manager_chat_open,2026-09-02 20:54:00.860146799,start=p_own_1876,deterministic,0,synthetic
1704,5e8d96d3699f508c,p_own_1877,bot_start,2026-09-02 22:30:41.774361123,start=p_own_1877,deterministic,0,synthetic
1705,314a22876d8ca06b,p_ext_yt_review_0830,bot_start,2026-09-02 22:30:45.758034735,start=p_ext_yt_review_0830,deterministic,0,synthetic
1706,39b9592af4048d6e,p_own_1877,bot_start,2026-09-02 22:50:17.790742389,start=p_own_1877,deterministic,0,synthetic
1707,9035961b55045bf6,p_own_1877,manager_chat_open,2026-09-02 23:52:11.884279662,start=p_own_1877,deterministic,0,synthetic
1708,d9bd99ea6f1def2a,p_own_1875,bot_start,2026-09-03 00:13:33.696174405,start=p_own_1875,deterministic,1,synthetic
1709,fa73d7fcedccc110,p_own_1876,bot_start,2026-09-03 01:48:24.001847823,start=p_own_1876,deterministic,0,synthetic
1710,3c02944cd2c1af76,p_own_1875,manager_chat_open,2026-09-03 03:04:26.899951877,start=p_own_1875,deterministic,0,synthetic
1711,e7cac86e7a8231ea,p_own_1874,bot_start,2026-09-03 03:26:39.127121684,start=p_own_1874,deterministic,1,synthetic
1712,6d66c143768b0c62,p_own_1870,bot_start,2026-09-03 04:56:29.271708504,start=p_own_1870,deterministic,1,synthetic
1713,a6ad73319061d7ed,p_own_1877,bot_start,2026-09-03 05:11:18.800975440,start=p_own_1877,deterministic,0,synthetic
1714,da21b919aec73424,p_own_1877,promo_code_used,2026-09-03 05:12:18.852747227,start=p_own_1877,deterministic,0,synthetic
1715,b6b358672b6e1ce1,p_own_1872,bot_start,2026-09-03 05:21:41.682560585,start=p_own_1872,deterministic,0,synthetic
1716,d0626aed4f9c4db2,p_own_1876,bot_start,2026-09-03 05:31:46.582012615,start=p_own_1876,deterministic,0,synthetic
1717,92546ed78adaec47,p_ext_yt_review_0830,manager_chat_open,2026-09-03 06:29:51.791984801,start=p_ext_yt_review_0830,deterministic,0,synthetic
1718,74b560affa375497,p_own_1876,manager_chat_open,2026-09-03 06:48:59.472702274,start=p_own_1876,deterministic,0,synthetic
1719,ab4f3fde4d51cf74,p_own_1874,promo_code_used,2026-09-03 07:15:16.359273098,start=p_own_1874,deterministic,1,synthetic
1720,cea4f45ecf876be8,p_own_1877,bot_start,2026-09-03 07:34:28.859130554,start=p_own_1877,deterministic,0,synthetic
1721,f9fb7f03007ef187,p_own_1877,bot_start,2026-09-03 07:39:31.936067404,start=p_own_1877,deterministic,1,synthetic
1722,82d1e24f1e06b6eb,p_own_1877,manager_chat_open,2026-09-03 07:48:09.075209810,start=p_own_1877,deterministic,0,synthetic
1723,9a0eaab96f16c5df,p_own_1870,manager_chat_open,2026-09-03 08:25:14.174669234,start=p_own_1870,deterministic,1,synthetic
1724,08a1df37d263dc1f,p_own_1875,manager_chat_open,2026-09-03 08:46:57.389734478,start=p_own_1875,deterministic,0,synthetic
1725,e15acc6f548ababe,p_own_1877,promo_code_used,2026-09-03 09:33:30.266090053,start=p_own_1877,deterministic,0,synthetic
1726,27444dd497bf2c41,p_own_1875,manager_chat_open,2026-09-03 10:24:20.584414608,start=p_own_1875,deterministic,0,synthetic
1727,f7b2d590420c30a7,p_own_1872,manager_chat_open,2026-09-03 10:34:39.886280185,start=p_own_1872,deterministic,1,synthetic
1728,a6533ee1d9d3dbb0,p_own_1877,bot_start,2026-09-03 10:48:40.427800743,start=p_own_1877,deterministic,0,synthetic
1729,bb011e4aa23bde61,p_own_1877,promo_code_used,2026-09-03 11:34:42.213196975,start=p_own_1877,deterministic,0,synthetic
1730,77d275fa21d19c6e,p_own_1876,manager_chat_open,2026-09-03 11:39:10.787197436,start=p_own_1876,deterministic,0,synthetic
1731,c0aa8fd349c80223,p_own_1876,bot_start,2026-09-03 11:50:06.279518240,start=p_own_1876,deterministic,1,synthetic
1732,c7e73c32c0198379,p_own_1875,bot_start,2026-09-03 12:15:40.427646234,start=p_own_1875,deterministic,0,synthetic
1733,35a41a0337231855,p_own_1876,bot_start,2026-09-03 12:21:20.362231367,start=p_own_1876,deterministic,1,synthetic
1734,fa031ae3cb586ecf,p_own_1876,bot_start,2026-09-03 12:34:58.830987259,start=p_own_1876,deterministic,1,synthetic
1735,50ab0b1d07408b9f,p_own_1874,promo_code_used,2026-09-03 13:00:56.749990940,start=p_own_1874,deterministic,1,synthetic
1736,843cf2d6065775c1,p_own_1875,manager_chat_open,2026-09-03 13:40:51.793910745,start=p_own_1875,deterministic,0,synthetic
1737,cf7287d6bca08978,p_own_1877,manager_chat_open,2026-09-03 13:48:26.498158190,start=p_own_1877,deterministic,0,synthetic
1738,878907526e2e0b25,p_own_1877,bot_start,2026-09-03 16:19:27.371829635,start=p_own_1877,deterministic,0,synthetic
1739,05ab42c6af58f276,p_own_1877,manager_chat_open,2026-09-03 16:23:47.424359267,start=p_own_1877,deterministic,0,synthetic
1740,0427b65b5d46bf46,p_own_1877,manager_chat_open,2026-09-03 16:47:58.922418877,start=p_own_1877,deterministic,0,synthetic
1741,fb5f91b8b0aca850,p_own_1875,bot_start,2026-09-03 17:12:32.529985851,start=p_own_1875,deterministic,0,synthetic
1742,7c10582453984dd1,p_own_1877,manager_chat_open,2026-09-03 18:02:38.170687932,start=p_own_1877,deterministic,1,synthetic
1743,812cd8d933e2e5e1,p_own_1872,manager_chat_open,2026-09-03 18:26:57.293329134,start=p_own_1872,deterministic,1,synthetic
1744,e799be7fc056661c,p_ext_stud_life_0903,bot_start,2026-09-03 19:05:00.000000000,start=p_ext_stud_life_0903,deterministic,1,synthetic
1745,4085fe1a3f2d5581,p_ext_stud_life_0903,bot_start,2026-09-03 19:05:00.000000000,start=p_ext_stud_life_0903,deterministic,1,synthetic
1746,e44dea4d8da5c241,p_ext_stud_life_0903,manager_chat_open,2026-09-03 19:05:00.000000000,start=p_ext_stud_life_0903,deterministic,1,synthetic
1747,5a62a258270a10ba,p_ext_stud_life_0903,bot_start,2026-09-03 19:05:00.000000000,start=p_ext_stud_life_0903,deterministic,1,synthetic
1748,3d98b2e83e3af724,p_ext_stud_life_0903,promo_code_used,2026-09-03 19:05:00.000000000,start=p_ext_stud_life_0903,deterministic,1,synthetic
1749,ef04bd484f616ac4,p_ext_stud_life_0903,bot_start,2026-09-03 19:05:00.000000000,start=p_ext_stud_life_0903,deterministic,1,synthetic
1750,4412ff563a1c5ea3,p_ext_stud_life_0903,bot_start,2026-09-03 19:05:00.000000000,start=p_ext_stud_life_0903,deterministic,1,synthetic
1751,b9e4882bfc5c82d0,p_ext_stud_life_0903,bot_start,2026-09-03 19:05:00.000000000,start=p_ext_stud_life_0903,deterministic,1,synthetic
1752,488a2bf24a22a0a6,p_ext_stud_life_0903,bot_start,2026-09-03 19:05:00.000000000,start=p_ext_stud_life_0903,deterministic,1,synthetic
1753,ca8c9bd913dd1f59,p_ext_stud_life_0903,bot_start,2026-09-03 19:05:00.000000000,start=p_ext_stud_life_0903,deterministic,1,synthetic
1754,cda482e1a635ca28,p_ext_stud_life_0903,bot_start,2026-09-03 19:05:00.000000000,start=p_ext_stud_life_0903,deterministic,1,synthetic
1755,ef04bd484f616ac4,p_own_1878,manager_chat_open,2026-09-03 19:11:06.000000000,start=p_own_1878,deterministic,1,synthetic
1756,e799be7fc056661c,p_own_1878,bot_start,2026-09-03 19:11:06.000000000,start=p_own_1878,deterministic,1,synthetic
1757,812cd8d933e2e5e1,p_own_1878,promo_code_used,2026-09-03 19:11:06.000000000,start=p_own_1878,deterministic,1,synthetic
1758,677670d1fb8ca9dc,p_own_1878,bot_start,2026-09-03 19:11:06.000000000,start=p_own_1878,deterministic,1,synthetic
1759,b5ff361584cb8fdd,p_own_1878,manager_chat_open,2026-09-03 19:11:06.000000000,start=p_own_1878,deterministic,1,synthetic
1760,d9bd99ea6f1def2a,p_own_1878,manager_chat_open,2026-09-03 19:11:06.000000000,start=p_own_1878,deterministic,1,synthetic
1761,5a62a258270a10ba,p_own_1878,bot_start,2026-09-03 19:11:06.000000000,start=p_own_1878,deterministic,1,synthetic
1762,ca8c9bd913dd1f59,p_own_1878,bot_start,2026-09-03 19:11:06.000000000,start=p_own_1878,deterministic,1,synthetic
1763,6149860559fb5c7d,p_own_1878,manager_chat_open,2026-09-03 19:11:06.000000000,start=p_own_1878,deterministic,1,synthetic
1764,c39033f1bd8a1d58,p_own_1878,manager_chat_open,2026-09-03 19:11:06.000000000,start=p_own_1878,deterministic,1,synthetic
1765,cc1889e77b0a7b10,p_own_1878,manager_chat_open,2026-09-03 19:11:06.000000000,start=p_own_1878,deterministic,1,synthetic
1766,476a4ba116592566,p_own_1878,bot_start,2026-09-03 19:11:06.000000000,start=p_own_1878,deterministic,1,synthetic
1767,f9f905efc36f4832,p_own_1878,manager_chat_open,2026-09-03 19:11:06.000000000,start=p_own_1878,deterministic,1,synthetic
1768,fcf5d1d0751b8944,p_own_1878,promo_code_used,2026-09-03 19:11:06.000000000,start=p_own_1878,deterministic,1,synthetic
1769,54d8d8a3faadbf9b,p_own_1878,promo_code_used,2026-09-03 19:13:08.443989576,start=p_own_1878,deterministic,0,synthetic
1770,69a10c6a756090f4,p_own_1878,bot_start,2026-09-03 20:15:56.784879168,start=p_own_1878,deterministic,0,synthetic
1771,b6737b10996da62b,p_own_1877,bot_start,2026-09-03 20:51:21.662530902,start=p_own_1877,deterministic,0,synthetic
1772,e027ed10b88e5625,p_ext_stud_life_0903,manager_chat_open,2026-09-03 21:05:00.163427195,start=p_ext_stud_life_0903,deterministic,0,synthetic
1773,c001a757be6af2a7,p_own_1878,bot_start,2026-09-03 22:22:40.842618712,start=p_own_1878,deterministic,0,synthetic
1774,c79b6a72184b113c,p_own_1877,bot_start,2026-09-03 22:44:59.752796337,start=p_own_1877,deterministic,1,synthetic
1775,51bb147ac19ac78e,p_ext_stud_life_0903,promo_code_used,2026-09-03 22:45:01.970959534,start=p_ext_stud_life_0903,deterministic,0,synthetic
1776,4d870ac63e0bfbea,p_ext_stud_life_0903,bot_start,2026-09-03 23:03:02.332592388,start=p_ext_stud_life_0903,deterministic,0,synthetic
1777,b9907c234f1e2cc3,p_own_1878,bot_start,2026-09-03 23:25:53.497412330,start=p_own_1878,deterministic,0,synthetic
1778,a8d14c9d73edf3e2,p_own_1877,bot_start,2026-09-03 23:46:26.811171266,start=p_own_1877,deterministic,1,synthetic
1779,31bae41b2279e1e3,p_own_1859,bot_start,2026-09-03 23:47:23.144948161,start=p_own_1859,deterministic,1,synthetic
1780,8f3cbd7aca8059bd,p_own_1874,bot_start,2026-09-04 00:11:44.934028802,start=p_own_1874,deterministic,0,synthetic
1781,2f530854bf89c382,p_own_1875,bot_start,2026-09-04 00:13:54.906782767,start=p_own_1875,deterministic,0,synthetic
1782,ac297539daf0c6ee,p_own_1874,bot_start,2026-09-04 00:15:01.317749658,start=p_own_1874,deterministic,1,synthetic
1783,b95519d2d70d6824,p_own_1878,manager_chat_open,2026-09-04 01:55:46.761475032,start=p_own_1878,deterministic,0,synthetic
1784,522fa4e5ffb4bc03,p_own_1878,bot_start,2026-09-04 02:21:39.509814737,start=p_own_1878,deterministic,0,synthetic
1785,4481e9e4820a0e19,p_ext_ml_digest_0823,bot_start,2026-09-04 02:59:18.913469802,start=p_ext_ml_digest_0823,deterministic,1,synthetic
1786,d1f3799ea60d09e7,p_ext_stud_life_0903,bot_start,2026-09-04 03:12:31.620786029,start=p_ext_stud_life_0903,deterministic,0,synthetic
1787,40bfc06c31e5cb24,p_own_1878,bot_start,2026-09-04 03:42:50.171863144,start=p_own_1878,deterministic,0,synthetic
1788,cda482e1a635ca28,p_own_1872,bot_start,2026-09-04 03:56:09.891679275,start=p_own_1872,deterministic,1,synthetic
1789,dc9f1e1f27b7d0d8,p_own_1878,promo_code_used,2026-09-04 03:58:36.392299441,start=p_own_1878,deterministic,0,synthetic
1790,98d4d4d238209d0b,p_own_1878,manager_chat_open,2026-09-04 03:59:31.643732963,start=p_own_1878,deterministic,0,synthetic
1791,158f4dfbe7ce1e45,p_own_1876,bot_start,2026-09-04 04:06:34.868246128,start=p_own_1876,deterministic,0,synthetic
1792,f12a3fe903880be0,p_own_1877,manager_chat_open,2026-09-04 05:12:54.802307854,start=p_own_1877,deterministic,0,synthetic
1793,c4bb3b93b2127bfb,p_own_1875,manager_chat_open,2026-09-04 06:04:37.543146976,start=p_own_1875,deterministic,1,synthetic
1794,e6752433d2fdf1c2,p_own_1877,bot_start,2026-09-04 06:20:27.836559965,start=p_own_1877,deterministic,0,synthetic
1795,e926b433bfb46cb5,p_own_1872,promo_code_used,2026-09-04 06:42:44.808307453,start=p_own_1872,deterministic,0,synthetic
1796,8c4a365fbb06066d,p_ext_stud_life_0903,bot_start,2026-09-04 07:20:44.541779577,start=p_ext_stud_life_0903,deterministic,0,synthetic
1797,f32f6174fac6ea9a,p_own_1878,manager_chat_open,2026-09-04 07:40:54.540266263,start=p_own_1878,deterministic,0,synthetic
1798,ad6481d9f6648972,p_own_1878,promo_code_used,2026-09-04 07:51:39.531487072,start=p_own_1878,deterministic,1,synthetic
1799,d9367fc66f663031,p_own_1872,bot_start,2026-09-04 08:43:53.966491524,start=p_own_1872,deterministic,1,synthetic
1800,4c9db604523c2351,p_own_1872,bot_start,2026-09-04 09:24:59.663453872,start=p_own_1872,deterministic,1,synthetic
1801,cc1b0979d77fa6d5,p_own_1878,manager_chat_open,2026-09-04 09:26:57.054780590,start=p_own_1878,deterministic,0,synthetic
1802,1c47f994ae2c07a4,p_own_1872,manager_chat_open,2026-09-04 11:29:24.259857261,start=p_own_1872,deterministic,0,synthetic
1803,964998bfb99ab976,p_own_1876,bot_start,2026-09-04 11:35:40.651250499,start=p_own_1876,deterministic,1,synthetic
1804,dfb4af5501c19612,p_own_1870,bot_start,2026-09-04 11:41:11.218048405,start=p_own_1870,deterministic,1,synthetic
1805,da1f02439cf27f99,p_ext_stud_life_0903,manager_chat_open,2026-09-04 11:56:17.160418024,start=p_ext_stud_life_0903,deterministic,1,synthetic
1806,123cd24ffd397b71,p_own_1876,manager_chat_open,2026-09-04 12:00:57.852880925,start=p_own_1876,deterministic,0,synthetic
1807,23a237357032c5eb,p_ext_ds_memes_0904,manager_chat_open,2026-09-04 12:05:00.000000000,start=p_ext_ds_memes_0904,deterministic,1,synthetic
1808,812cd8d933e2e5e1,p_ext_ds_memes_0904,bot_start,2026-09-04 12:05:00.000000000,start=p_ext_ds_memes_0904,deterministic,1,synthetic
1809,7e2dd8534a3f6a7f,p_ext_ds_memes_0904,manager_chat_open,2026-09-04 12:05:00.000000000,start=p_ext_ds_memes_0904,deterministic,1,synthetic
1810,47fca874988c6134,p_ext_ds_memes_0904,bot_start,2026-09-04 12:05:00.000000000,start=p_ext_ds_memes_0904,deterministic,1,synthetic
1811,308cd3a0d8cb1cc1,p_ext_ds_memes_0904,bot_start,2026-09-04 12:05:00.000000000,start=p_ext_ds_memes_0904,deterministic,1,synthetic
1812,a9f6d9f946f0204f,p_ext_ds_memes_0904,manager_chat_open,2026-09-04 12:05:00.000000000,start=p_ext_ds_memes_0904,deterministic,1,synthetic
1813,487da7275976b853,p_ext_ds_memes_0904,bot_start,2026-09-04 12:05:00.000000000,start=p_ext_ds_memes_0904,deterministic,1,synthetic
1814,108c147ba732ec62,p_ext_ds_memes_0904,manager_chat_open,2026-09-04 12:05:00.000000000,start=p_ext_ds_memes_0904,deterministic,1,synthetic
1815,5a62a258270a10ba,p_ext_ds_memes_0904,bot_start,2026-09-04 12:05:00.000000000,start=p_ext_ds_memes_0904,deterministic,1,synthetic
1816,0b1c78f076b04483,p_ext_ds_memes_0904,manager_chat_open,2026-09-04 12:05:00.000000000,start=p_ext_ds_memes_0904,deterministic,1,synthetic
1817,bdf3969c1c757966,p_ext_ds_memes_0904,promo_code_used,2026-09-04 12:05:00.000000000,start=p_ext_ds_memes_0904,deterministic,1,synthetic
1818,80f578b0f85da9ae,p_ext_ds_memes_0904,manager_chat_open,2026-09-04 12:05:00.000000000,start=p_ext_ds_memes_0904,deterministic,1,synthetic
1819,f9f905efc36f4832,p_ext_ds_memes_0904,bot_start,2026-09-04 12:05:00.000000000,start=p_ext_ds_memes_0904,deterministic,1,synthetic
1820,31bae41b2279e1e3,p_ext_ds_memes_0904,manager_chat_open,2026-09-04 12:05:00.000000000,start=p_ext_ds_memes_0904,deterministic,1,synthetic
1821,677670d1fb8ca9dc,p_ext_ds_memes_0904,promo_code_used,2026-09-04 12:05:00.000000000,start=p_ext_ds_memes_0904,deterministic,1,synthetic
1822,4085fe1a3f2d5581,p_ext_ds_memes_0904,manager_chat_open,2026-09-04 12:05:00.000000000,start=p_ext_ds_memes_0904,deterministic,1,synthetic
1823,8d62828c66c93b6a,p_ext_ds_memes_0904,manager_chat_open,2026-09-04 12:05:00.000000000,start=p_ext_ds_memes_0904,deterministic,1,synthetic
1824,16dc067f89bbcdbc,p_ext_ds_memes_0904,manager_chat_open,2026-09-04 12:05:00.000000000,start=p_ext_ds_memes_0904,deterministic,1,synthetic
1825,5bda61e360b8c67c,p_ext_ds_memes_0904,bot_start,2026-09-04 12:52:57.844328627,start=p_ext_ds_memes_0904,deterministic,0,synthetic
1826,d6b3b34993e44687,p_ext_ds_memes_0904,promo_code_used,2026-09-04 13:05:45.413094732,start=p_ext_ds_memes_0904,deterministic,0,synthetic
1827,1f51b4f307c1d9e1,p_own_1878,bot_start,2026-09-04 13:14:31.515218243,start=p_own_1878,deterministic,0,synthetic
1828,a85883a774dd76ca,p_ext_ds_memes_0904,bot_start,2026-09-04 13:31:30.268663495,start=p_ext_ds_memes_0904,deterministic,0,synthetic
1829,ae7bc0da491f8ed2,p_own_1875,bot_start,2026-09-04 13:40:20.249925768,start=p_own_1875,deterministic,1,synthetic
1830,c52240142f164d44,p_own_1872,bot_start,2026-09-04 13:57:27.446093638,start=p_own_1872,deterministic,1,synthetic
1831,d5c5306e35561d5d,p_ext_stud_life_0903,manager_chat_open,2026-09-04 14:16:31.767472229,start=p_ext_stud_life_0903,deterministic,0,synthetic
1832,7650863e692710ce,p_ext_ds_memes_0904,promo_code_used,2026-09-04 14:28:12.568184369,start=p_ext_ds_memes_0904,deterministic,0,synthetic
1833,d2de7815d88e932e,p_ext_stud_life_0821,manager_chat_open,2026-09-04 14:44:23.335314665,start=p_ext_stud_life_0821,deterministic,1,synthetic
1834,7581b117a10ddb47,p_ext_ds_memes_0904,manager_chat_open,2026-09-04 14:49:18.657474595,start=p_ext_ds_memes_0904,deterministic,1,synthetic
1835,d7b8dcc0a55005a2,p_ext_ds_memes_0904,bot_start,2026-09-04 15:01:14.454946661,start=p_ext_ds_memes_0904,deterministic,0,synthetic
1836,30eb668f6710f6ed,p_own_1876,bot_start,2026-09-04 15:16:08.030979318,start=p_own_1876,deterministic,0,synthetic
1837,58424e99d34d1e4e,p_ext_ds_memes_0904,bot_start,2026-09-04 16:19:36.939967440,start=p_ext_ds_memes_0904,deterministic,0,synthetic
1838,21e65072d1416bda,p_ext_ds_memes_0904,bot_start,2026-09-04 16:35:12.112938969,start=p_ext_ds_memes_0904,deterministic,0,synthetic
1839,3235a619105327d8,p_own_1878,bot_start,2026-09-04 16:47:20.214614500,start=p_own_1878,deterministic,0,synthetic
1840,43ee87502b2d37ad,p_own_1877,bot_start,2026-09-04 16:59:38.696020982,start=p_own_1877,deterministic,0,synthetic
1841,f1f1a37604d3a9e7,p_ext_ds_memes_0904,bot_start,2026-09-04 17:36:11.080638882,start=p_ext_ds_memes_0904,deterministic,0,synthetic
1842,308cd3a0d8cb1cc1,p_own_1877,bot_start,2026-09-04 17:53:03.213086974,start=p_own_1877,deterministic,1,synthetic
1843,57c7180205de9e51,p_own_1874,manager_chat_open,2026-09-04 18:36:35.616267109,start=p_own_1874,deterministic,1,synthetic
1844,7a46790d3dfa1ace,p_ext_ds_memes_0904,bot_start,2026-09-04 18:42:33.270687826,start=p_ext_ds_memes_0904,deterministic,1,synthetic
1845,eea57ef94f8f83f5,p_own_1878,bot_start,2026-09-04 19:33:47.553750932,start=p_own_1878,deterministic,0,synthetic
1846,188e70a5feb32f19,p_ext_ds_memes_0904,manager_chat_open,2026-09-04 19:36:56.545515027,start=p_ext_ds_memes_0904,deterministic,0,synthetic
1847,1bb17d4a4c61391f,p_ext_ds_memes_0904,manager_chat_open,2026-09-04 20:22:04.313827896,start=p_ext_ds_memes_0904,deterministic,0,synthetic
1848,01a40c91ae647fea,p_ext_ds_memes_0904,bot_start,2026-09-04 20:35:36.052703303,start=p_ext_ds_memes_0904,deterministic,0,synthetic
1849,488a2bf24a22a0a6,p_own_1876,manager_chat_open,2026-09-04 20:44:11.270278321,start=p_own_1876,deterministic,1,synthetic
1850,80f578b0f85da9ae,p_own_1872,bot_start,2026-09-04 21:21:07.239094459,start=p_own_1872,deterministic,1,synthetic
1851,7ca4b6c7cebea60a,p_own_1877,bot_start,2026-09-04 21:32:47.803154596,start=p_own_1877,deterministic,1,synthetic
1852,a9f6d9f946f0204f,p_own_1852,bot_start,2026-09-04 21:49:07.010891564,start=p_own_1852,deterministic,1,synthetic
1853,1f1eac774bef0c85,p_own_1878,manager_chat_open,2026-09-04 21:54:06.334883227,start=p_own_1878,deterministic,0,synthetic
1854,0e340b1a0c8aa6db,p_ext_stud_life_0903,bot_start,2026-09-04 22:38:25.510543383,start=p_ext_stud_life_0903,deterministic,0,synthetic
1855,10f2ec3137f63735,p_ext_ds_memes_0904,bot_start,2026-09-04 22:56:21.957982234,start=p_ext_ds_memes_0904,deterministic,1,synthetic
1856,74f0a00966bca769,p_ext_ds_memes_0904,manager_chat_open,2026-09-04 23:06:17.249716505,start=p_ext_ds_memes_0904,deterministic,1,synthetic
1857,86f3d073fe54e178,p_own_1876,bot_start,2026-09-04 23:06:56.649549881,start=p_own_1876,deterministic,0,synthetic
1858,d909e3e588b836bf,p_ext_ds_memes_0904,bot_start,2026-09-04 23:10:58.710181893,start=p_ext_ds_memes_0904,deterministic,0,synthetic
1859,4741d6d0ef5895f1,p_ext_ds_memes_0904,bot_start,2026-09-04 23:13:27.423023710,start=p_ext_ds_memes_0904,deterministic,1,synthetic
1860,b7ee731da814a691,p_own_1878,bot_start,2026-09-04 23:34:45.998111114,start=p_own_1878,deterministic,1,synthetic
1861,0bbbf81dfa421e6f,p_ext_ds_memes_0904,bot_start,2026-09-04 23:55:35.107097956,start=p_ext_ds_memes_0904,deterministic,0,synthetic
1862,aa21dc8120c6dc43,p_ext_ds_memes_0904,bot_start,2026-09-05 00:09:26.010375968,start=p_ext_ds_memes_0904,deterministic,0,synthetic
1863,2d3aa86b78582a97,p_ext_stud_life_0903,bot_start,2026-09-05 00:09:26.636940167,start=p_ext_stud_life_0903,deterministic,1,synthetic
1864,68a92a622f56ba79,p_own_1878,manager_chat_open,2026-09-05 00:15:30.821949843,start=p_own_1878,deterministic,0,synthetic
1865,229d20b88f674fd2,p_ext_stud_life_0903,bot_start,2026-09-05 00:31:25.101289333,start=p_ext_stud_life_0903,deterministic,0,synthetic
1866,a27176e1ddd6fcce,p_ext_ds_memes_0904,manager_chat_open,2026-09-05 00:36:09.969562662,start=p_ext_ds_memes_0904,deterministic,0,synthetic
1867,3c90d4cfdc382374,p_ext_ds_memes_0904,bot_start,2026-09-05 00:39:07.148221584,start=p_ext_ds_memes_0904,deterministic,0,synthetic
1868,bff8dedafbfeb4dc,p_ext_ds_memes_0904,manager_chat_open,2026-09-05 00:49:42.584401237,start=p_ext_ds_memes_0904,deterministic,0,synthetic
1869,e638ec5ff61868e6,p_ext_ds_memes_0904,bot_start,2026-09-05 00:55:19.380313407,start=p_ext_ds_memes_0904,deterministic,0,synthetic
1870,ac7050ccf25faf71,p_own_1875,bot_start,2026-09-05 01:32:31.312975258,start=p_own_1875,deterministic,1,synthetic
1871,16dc067f89bbcdbc,p_ext_it_jobs_0822,bot_start,2026-09-05 01:51:31.290654660,start=p_ext_it_jobs_0822,deterministic,1,synthetic
1872,3f3a1b09b25de33a,p_ext_ds_memes_0904,bot_start,2026-09-05 02:30:15.957916218,start=p_ext_ds_memes_0904,deterministic,0,synthetic
1873,21f409017117b585,p_own_1877,bot_start,2026-09-05 02:55:33.722507695,start=p_own_1877,deterministic,1,synthetic
1874,835b2843665fdea0,p_own_1870,manager_chat_open,2026-09-05 03:11:28.200181706,start=p_own_1870,deterministic,1,synthetic
1875,f09dcaf7f64147f8,p_ext_ds_memes_0904,bot_start,2026-09-05 03:36:50.142109440,start=p_ext_ds_memes_0904,deterministic,0,synthetic
1876,d91064b1a284e4cc,p_ext_ds_memes_0904,bot_start,2026-09-05 03:48:51.331263958,start=p_ext_ds_memes_0904,deterministic,0,synthetic
1877,17cb9700872906f1,p_ext_ml_digest_0823,manager_chat_open,2026-09-05 05:12:11.197978883,start=p_ext_ml_digest_0823,deterministic,1,synthetic
1878,2cdc19233ea12dfb,p_ext_ds_memes_0904,manager_chat_open,2026-09-05 05:13:15.054499432,start=p_ext_ds_memes_0904,deterministic,0,synthetic
1879,ded76df8fb444c17,p_ext_ds_memes_0904,bot_start,2026-09-05 05:24:33.934001556,start=p_ext_ds_memes_0904,deterministic,0,synthetic
1880,ef04bd484f616ac4,p_own_1878,bot_start,2026-09-05 06:02:04.792725814,start=p_own_1878,deterministic,1,synthetic
1881,9f3503881f11e554,p_own_1877,promo_code_used,2026-09-05 06:06:11.621088793,start=p_own_1877,deterministic,0,synthetic
1882,a6aa3b08588e359a,p_ext_ds_memes_0904,manager_chat_open,2026-09-05 06:19:58.888257096,start=p_ext_ds_memes_0904,deterministic,0,synthetic
1883,20e6c08901eab077,p_ext_ml_digest_0823,bot_start,2026-09-05 06:53:44.519421149,start=p_ext_ml_digest_0823,deterministic,1,synthetic
1884,778f3df528dfc060,p_own_1874,manager_chat_open,2026-09-05 07:18:04.769909109,start=p_own_1874,deterministic,1,synthetic
1885,e4b84b02d712702d,p_ext_ds_memes_0904,manager_chat_open,2026-09-05 07:50:45.961941433,start=p_ext_ds_memes_0904,deterministic,1,synthetic
1886,fa5580c3e4c64014,p_own_1875,bot_start,2026-09-05 08:46:02.920547131,start=p_own_1875,deterministic,1,synthetic
1887,108c147ba732ec62,p_own_1877,bot_start,2026-09-05 09:18:10.521448853,start=p_own_1877,deterministic,1,synthetic
1888,d22f861756d33d42,p_ext_ds_memes_0904,bot_start,2026-09-05 10:36:45.078593120,start=p_ext_ds_memes_0904,deterministic,0,synthetic
1889,0543a4c25947a0fa,p_own_1875,promo_code_used,2026-09-05 10:42:25.159359684,start=p_own_1875,deterministic,0,synthetic
1890,ccd38f6a9ca098c4,p_ext_ds_memes_0904,manager_chat_open,2026-09-05 11:17:48.028264595,start=p_ext_ds_memes_0904,deterministic,0,synthetic
1891,7712183c49efa53d,p_own_1859,manager_chat_open,2026-09-05 11:24:02.484783415,start=p_own_1859,deterministic,1,synthetic
1892,a68f4833e562f25f,p_ext_yt_review_0830,bot_start,2026-09-05 11:59:57.244449328,start=p_ext_yt_review_0830,deterministic,1,synthetic
1893,5ab084528a5ce0bc,p_ext_ds_memes_0904,promo_code_used,2026-09-05 12:00:43.857000510,start=p_ext_ds_memes_0904,deterministic,1,synthetic
1894,c8abb55903635d9f,p_ext_ml_digest_0823,manager_chat_open,2026-09-05 12:04:25.500332308,start=p_ext_ml_digest_0823,deterministic,1,synthetic
1895,b1f8a2127e9241d5,p_own_1878,bot_start,2026-09-05 12:08:57.178284976,start=p_own_1878,deterministic,0,synthetic
1896,6149860559fb5c7d,p_own_1863,manager_chat_open,2026-09-05 12:24:20.292474799,start=p_own_1863,deterministic,1,synthetic
1897,3931e897a632d5b0,p_ext_ds_memes_0904,manager_chat_open,2026-09-05 12:33:48.068812822,start=p_ext_ds_memes_0904,deterministic,0,synthetic
1898,4e4171bc227d0c4c,p_ext_stud_life_0903,manager_chat_open,2026-09-05 12:42:24.428836363,start=p_ext_stud_life_0903,deterministic,0,synthetic
1899,53fc0b9fe4e1079d,p_own_1874,promo_code_used,2026-09-05 13:03:29.941502770,start=p_own_1874,deterministic,1,synthetic
1900,93a1369d333f5979,p_own_1875,bot_start,2026-09-05 13:12:54.836658156,start=p_own_1875,deterministic,1,synthetic
1901,ebad8c3c79ddd69f,p_ext_ds_memes_0904,bot_start,2026-09-05 13:42:48.800381857,start=p_ext_ds_memes_0904,deterministic,0,synthetic
1902,588d7e311c1008c5,p_own_1870,manager_chat_open,2026-09-05 13:43:12.333476958,start=p_own_1870,deterministic,1,synthetic
1903,78173708ed632dbf,p_own_1878,bot_start,2026-09-05 13:48:38.507403298,start=p_own_1878,deterministic,1,synthetic
1904,1ce1741205b8df01,p_own_1877,promo_code_used,2026-09-05 14:08:41.662287674,start=p_own_1877,deterministic,0,synthetic
1905,929d76839e0d8676,p_ext_ds_memes_0904,promo_code_used,2026-09-05 14:09:49.793386616,start=p_ext_ds_memes_0904,deterministic,1,synthetic
1906,4412ff563a1c5ea3,p_ext_ml_digest_0823,bot_start,2026-09-05 14:39:57.073554052,start=p_ext_ml_digest_0823,deterministic,1,synthetic
1907,528e5f5623553452,p_own_1878,promo_code_used,2026-09-05 15:19:01.591124667,start=p_own_1878,deterministic,0,synthetic
1908,6d3f51edbdd1d335,p_own_1876,bot_start,2026-09-05 16:01:05.045723633,start=p_own_1876,deterministic,0,synthetic
1909,23ee9c0a175f5db1,p_own_1876,bot_start,2026-09-05 16:52:28.435443577,start=p_own_1876,deterministic,0,synthetic
1910,081c46275c2856cb,p_ext_ds_memes_0904,manager_chat_open,2026-09-05 17:36:35.465827296,start=p_ext_ds_memes_0904,deterministic,0,synthetic
1911,3b4f3dc62ddd2a4d,p_ext_ml_digest_0823,promo_code_used,2026-09-05 17:41:29.369548321,start=p_ext_ml_digest_0823,deterministic,1,synthetic
1912,2ec7cb767926e247,p_ext_ds_memes_0904,bot_start,2026-09-05 18:38:10.423016920,start=p_ext_ds_memes_0904,deterministic,1,synthetic
1913,0ca5b6b3cd624b0f,p_own_1877,bot_start,2026-09-05 18:51:21.721508942,start=p_own_1877,deterministic,1,synthetic
1914,35544e2ca07eb8bc,p_own_1878,manager_chat_open,2026-09-05 19:51:51.096758876,start=p_own_1878,deterministic,0,synthetic
1915,8e3203818b4bf6ef,p_own_1876,bot_start,2026-09-05 19:59:04.668236483,start=p_own_1876,deterministic,1,synthetic
1916,476a4ba116592566,p_own_1872,bot_start,2026-09-05 22:10:16.280865742,start=p_own_1872,deterministic,1,synthetic
1917,3d98b2e83e3af724,p_ext_ds_memes_0904,manager_chat_open,2026-09-05 23:07:19.219348593,start=p_ext_ds_memes_0904,deterministic,1,synthetic
1918,33a5f15958606708,p_ext_ds_memes_0904,bot_start,2026-09-06 00:17:06.999131349,start=p_ext_ds_memes_0904,deterministic,1,synthetic
1919,f6d33e0097e75f5b,p_ext_ds_memes_0904,bot_start,2026-09-06 00:33:14.425381516,start=p_ext_ds_memes_0904,deterministic,1,synthetic
1920,449aa6d367071b35,p_own_1877,bot_start,2026-09-06 00:39:01.540884423,start=p_own_1877,deterministic,1,synthetic
1921,90118306129c31a2,p_own_1878,manager_chat_open,2026-09-06 01:29:56.633724042,start=p_own_1878,deterministic,1,synthetic
1922,cc4788eb4f0944c3,p_ext_ds_memes_0904,manager_chat_open,2026-09-06 01:56:51.601205358,start=p_ext_ds_memes_0904,deterministic,1,synthetic
1923,0ee72c1f01a49af2,p_ext_ml_digest_0823,bot_start,2026-09-06 04:06:14.297364226,start=p_ext_ml_digest_0823,deterministic,1,synthetic
1924,feea4b067da7fbce,p_ext_stud_life_0903,promo_code_used,2026-09-06 05:02:37.662616980,start=p_ext_stud_life_0903,deterministic,0,synthetic
1925,395f3b11e315f057,p_ext_ds_memes_0904,promo_code_used,2026-09-06 05:07:53.966200693,start=p_ext_ds_memes_0904,deterministic,0,synthetic
1926,ea0f8c1e086b3223,p_own_1878,manager_chat_open,2026-09-06 05:17:35.367699495,start=p_own_1878,deterministic,0,synthetic
1927,88f47b13cd1b89ae,p_own_1877,manager_chat_open,2026-09-06 05:20:04.332147295,start=p_own_1877,deterministic,0,synthetic
1928,047e041ba4f68a1f,p_ext_stud_life_0903,bot_start,2026-09-06 05:48:40.244936141,start=p_ext_stud_life_0903,deterministic,1,synthetic
1929,4fd0005a9f2c6e8f,p_ext_ds_memes_0904,manager_chat_open,2026-09-06 05:50:29.547519537,start=p_ext_ds_memes_0904,deterministic,1,synthetic
1930,56038d92a5737340,p_ext_ds_memes_0904,bot_start,2026-09-06 06:02:09.829234425,start=p_ext_ds_memes_0904,deterministic,1,synthetic
1931,432e501f48757ce3,p_own_1878,bot_start,2026-09-06 06:04:22.145213411,start=p_own_1878,deterministic,0,synthetic
1932,5c8e23d15d54b2b7,p_ext_ds_memes_0904,manager_chat_open,2026-09-06 06:56:25.494624807,start=p_ext_ds_memes_0904,deterministic,1,synthetic
1933,e33a20f8686f2dd9,p_ext_ds_memes_0904,bot_start,2026-09-06 07:55:03.338546824,start=p_ext_ds_memes_0904,deterministic,1,synthetic
1934,aec0a6352d4ed4ec,p_ext_ds_memes_0904,manager_chat_open,2026-09-06 08:46:19.823269191,start=p_ext_ds_memes_0904,deterministic,0,synthetic
1935,b31d61d6ed16d585,p_ext_stud_life_0821,manager_chat_open,2026-09-06 09:05:41.817588589,start=p_ext_stud_life_0821,deterministic,1,synthetic
1936,92e927a32a82d1f9,p_own_1874,manager_chat_open,2026-09-06 09:27:55.129745125,start=p_own_1874,deterministic,1,synthetic
1937,0e3cf38e3b60d0f8,p_ext_ds_memes_0904,manager_chat_open,2026-09-06 09:52:24.193905620,start=p_ext_ds_memes_0904,deterministic,0,synthetic
1938,80f578b0f85da9ae,p_own_1870,bot_start,2026-09-06 10:12:53.033480251,start=p_own_1870,deterministic,1,synthetic
1939,78081d9d08f8dc0a,p_own_1877,manager_chat_open,2026-09-06 10:15:32.312188052,start=p_own_1877,deterministic,1,synthetic
1940,e4286bbdfc60d18a,p_ext_ml_digest_0823,manager_chat_open,2026-09-06 10:42:52.959495025,start=p_ext_ml_digest_0823,deterministic,1,synthetic
1941,f69e0eabc946670e,p_ext_ds_memes_0904,manager_chat_open,2026-09-06 10:48:35.880008209,start=p_ext_ds_memes_0904,deterministic,1,synthetic
1942,b298a658922336eb,p_ext_ds_memes_0904,manager_chat_open,2026-09-06 11:34:32.753041320,start=p_ext_ds_memes_0904,deterministic,0,synthetic
1943,152796a62d33e790,p_own_1877,bot_start,2026-09-06 11:41:36.368100992,start=p_own_1877,deterministic,1,synthetic
1944,14c7a229d566bf5d,p_own_1880,promo_code_used,2026-09-06 12:11:06.000000000,start=p_own_1880,deterministic,1,synthetic
1945,3d98b2e83e3af724,p_own_1880,bot_start,2026-09-06 12:11:06.000000000,start=p_own_1880,deterministic,1,synthetic
1946,7a81dd2c31d8092a,p_own_1880,promo_code_used,2026-09-06 12:11:06.000000000,start=p_own_1880,deterministic,1,synthetic
1947,c5195f3697f96594,p_own_1880,manager_chat_open,2026-09-06 12:11:06.000000000,start=p_own_1880,deterministic,1,synthetic
1948,5c2d83bee99d7641,p_own_1880,bot_start,2026-09-06 12:11:06.000000000,start=p_own_1880,deterministic,1,synthetic
1949,4c9db604523c2351,p_own_1880,bot_start,2026-09-06 12:11:06.000000000,start=p_own_1880,deterministic,1,synthetic
1950,6a40474b3553fa7e,p_own_1880,bot_start,2026-09-06 12:14:34.208941387,start=p_own_1880,deterministic,0,synthetic
1951,3ccaeeb0a5219872,p_own_1876,bot_start,2026-09-06 12:54:52.476430816,start=p_own_1876,deterministic,1,synthetic
1952,41fd296cd58ca731,p_own_1874,bot_start,2026-09-06 13:44:27.341811863,start=p_own_1874,deterministic,1,synthetic
1953,1d3510a2942d68d0,p_own_1878,manager_chat_open,2026-09-06 14:29:23.524324966,start=p_own_1878,deterministic,1,synthetic
1954,b063535e5ebe9ebf,p_own_1881,promo_code_used,2026-09-06 15:11:08.000000000,start=p_own_1881,deterministic,1,synthetic
1955,449aa6d367071b35,p_own_1881,bot_start,2026-09-06 15:11:08.000000000,start=p_own_1881,deterministic,1,synthetic
1956,f6d33e0097e75f5b,p_own_1881,bot_start,2026-09-06 15:11:08.000000000,start=p_own_1881,deterministic,1,synthetic
1957,3b109e98ac697509,p_own_1881,bot_start,2026-09-06 15:11:08.000000000,start=p_own_1881,deterministic,1,synthetic
1958,6916eb1fd3188d75,p_own_1881,bot_start,2026-09-06 15:11:08.000000000,start=p_own_1881,deterministic,1,synthetic
1959,3ccaeeb0a5219872,p_own_1881,manager_chat_open,2026-09-06 15:11:08.000000000,start=p_own_1881,deterministic,1,synthetic
1960,fcc81c9ba0901e6d,p_own_1878,bot_start,2026-09-06 15:14:46.009285799,start=p_own_1878,deterministic,1,synthetic
1961,cc1889e77b0a7b10,p_own_1881,bot_start,2026-09-06 15:27:29.575843277,start=p_own_1881,deterministic,1,synthetic
1962,46a01ab81154561b,p_own_1881,bot_start,2026-09-06 15:48:10.468383089,start=p_own_1881,deterministic,0,synthetic
1963,75bee1e7c025a120,p_ext_stud_life_0903,manager_chat_open,2026-09-06 16:07:52.658816982,start=p_ext_stud_life_0903,deterministic,0,synthetic
1964,6612133b59ccedf8,p_ext_ds_memes_0904,bot_start,2026-09-06 16:28:27.107847877,start=p_ext_ds_memes_0904,deterministic,0,synthetic
1965,f223cd1109fa7cd9,p_own_1881,bot_start,2026-09-06 17:09:14.235838689,start=p_own_1881,deterministic,0,synthetic
1966,8ea469c0849357f5,p_own_1877,bot_start,2026-09-06 17:25:08.113306790,start=p_own_1877,deterministic,0,synthetic
1967,86a7e1cfe49a3a8c,p_own_1880,manager_chat_open,2026-09-06 17:37:14.161182043,start=p_own_1880,deterministic,0,synthetic
1968,97481d904ff8547b,p_own_1881,bot_start,2026-09-06 17:38:40.751949742,start=p_own_1881,deterministic,0,synthetic
1969,0b4bafcffedf0a3f,p_own_1882,bot_start,2026-09-06 18:06:06.816309371,start=p_own_1882,deterministic,0,synthetic
1970,c82b90790b9bfbc2,p_own_1882,manager_chat_open,2026-09-06 18:09:47.000000000,start=p_own_1882,deterministic,1,synthetic
1971,cc1889e77b0a7b10,p_own_1882,bot_start,2026-09-06 18:09:47.000000000,start=p_own_1882,deterministic,1,synthetic
1972,b7f2f36a265fc6a0,p_own_1882,bot_start,2026-09-06 18:09:47.000000000,start=p_own_1882,deterministic,1,synthetic
1973,bdf3969c1c757966,p_own_1882,manager_chat_open,2026-09-06 18:09:47.000000000,start=p_own_1882,deterministic,1,synthetic
1974,e4286bbdfc60d18a,p_own_1882,manager_chat_open,2026-09-06 18:09:47.000000000,start=p_own_1882,deterministic,1,synthetic
1975,a3d398cc27d34214,p_own_1882,promo_code_used,2026-09-06 18:09:47.000000000,start=p_own_1882,deterministic,1,synthetic
1976,1b662384c10ab275,p_own_1882,manager_chat_open,2026-09-06 18:09:47.000000000,start=p_own_1882,deterministic,1,synthetic
1977,23ab7abd7bc05b15,p_own_1881,manager_chat_open,2026-09-06 18:13:31.872014128,start=p_own_1881,deterministic,0,synthetic
1978,d2623f25c1a65e4d,p_own_1881,bot_start,2026-09-06 18:27:23.219331760,start=p_own_1881,deterministic,0,synthetic
1979,029f745063cfceff,p_own_1882,bot_start,2026-09-06 19:01:44.021202821,start=p_own_1882,deterministic,0,synthetic
1980,8696c87dce8027c1,p_own_1882,bot_start,2026-09-06 19:05:19.863285209,start=p_own_1882,deterministic,0,synthetic
1981,f7ded1d665b68f7f,p_own_1882,bot_start,2026-09-06 19:06:23.452301754,start=p_own_1882,deterministic,0,synthetic
1982,2577817c03dcbfa7,p_own_1882,bot_start,2026-09-06 20:02:03.808866388,start=p_own_1882,deterministic,0,synthetic
1983,101294b7af69386d,p_own_1878,bot_start,2026-09-06 20:17:35.153598591,start=p_own_1878,deterministic,0,synthetic
1984,a3d398cc27d34214,p_own_1883,manager_chat_open,2026-09-06 20:49:11.000000000,start=p_own_1883,deterministic,1,synthetic
1985,6916eb1fd3188d75,p_own_1883,bot_start,2026-09-06 20:49:11.000000000,start=p_own_1883,deterministic,1,synthetic
1986,152651a51029f4c9,p_own_1883,bot_start,2026-09-06 20:49:11.000000000,start=p_own_1883,deterministic,1,synthetic
1987,3a4eb5a4a82a5725,p_own_1882,bot_start,2026-09-06 21:05:49.888936181,start=p_own_1882,deterministic,0,synthetic
1988,beb004a6c550e292,p_own_1880,bot_start,2026-09-06 21:14:11.459593185,start=p_own_1880,deterministic,0,synthetic
1989,190000820c526ca2,p_own_1883,bot_start,2026-09-06 21:27:37.575518528,start=p_own_1883,deterministic,0,synthetic
1990,a4293032e284f596,p_own_1883,bot_start,2026-09-06 21:32:45.562499198,start=p_own_1883,deterministic,0,synthetic
1991,5f99cf328283cde1,p_own_1882,bot_start,2026-09-06 22:41:59.335862223,start=p_own_1882,deterministic,0,synthetic
1992,f6d7a280e7620e23,p_own_1882,promo_code_used,2026-09-06 22:44:33.251326403,start=p_own_1882,deterministic,0,synthetic
1993,021460c5d7ff4352,p_ext_ds_memes_0904,bot_start,2026-09-06 23:16:54.638088554,start=p_ext_ds_memes_0904,deterministic,0,synthetic
1994,ea63fecc15683458,p_own_1878,manager_chat_open,2026-09-06 23:49:27.072742873,start=p_own_1878,deterministic,1,synthetic
1995,6ecda5ade65dcad0,p_own_1881,manager_chat_open,2026-09-06 23:59:57.975726770,start=p_own_1881,deterministic,0,synthetic
1996,d6cefb2da1cad2d7,p_ext_ds_memes_0904,bot_start,2026-09-07 00:13:00.903476027,start=p_ext_ds_memes_0904,deterministic,0,synthetic
1997,9edd5d98c880d907,p_own_1880,bot_start,2026-09-07 00:13:01.840228958,start=p_own_1880,deterministic,0,synthetic
1998,b355b34b9b13da9d,p_own_1880,manager_chat_open,2026-09-07 00:21:22.174108024,start=p_own_1880,deterministic,0,synthetic
1999,237f3583276bbb0c,p_own_1880,manager_chat_open,2026-09-07 00:22:47.924011529,start=p_own_1880,deterministic,0,synthetic
2000,3b45c85110b43880,p_own_1883,bot_start,2026-09-07 00:52:15.697289201,start=p_own_1883,deterministic,0,synthetic
2001,2a9ff6b7cdb36b11,p_own_1880,bot_start,2026-09-07 01:51:15.555424262,start=p_own_1880,deterministic,0,synthetic
2002,0e144e2f54fc5e19,p_own_1882,manager_chat_open,2026-09-07 02:14:19.957694214,start=p_own_1882,deterministic,0,synthetic
2003,8afb57f0735f1a3f,p_own_1875,bot_start,2026-09-07 02:30:36.200766137,start=p_own_1875,deterministic,1,synthetic
2004,f28b193e42cecdaa,p_own_1882,bot_start,2026-09-07 02:43:15.809345929,start=p_own_1882,deterministic,0,synthetic
2005,ab7e766aedd4e125,p_own_1872,promo_code_used,2026-09-07 03:02:43.172150425,start=p_own_1872,deterministic,1,synthetic
2006,a5ff685580c1ab14,p_own_1880,bot_start,2026-09-07 03:10:11.188705398,start=p_own_1880,deterministic,0,synthetic
2007,2ebe9ef8c1996b18,p_own_1883,manager_chat_open,2026-09-07 04:10:21.911199237,start=p_own_1883,deterministic,0,synthetic
2008,0c6ac3dfd97cac77,p_own_1882,bot_start,2026-09-07 04:18:35.789811043,start=p_own_1882,deterministic,0,synthetic
2009,0700dd4b12240f22,p_own_1881,manager_chat_open,2026-09-07 05:09:33.442901261,start=p_own_1881,deterministic,0,synthetic
2010,7350b5733189ccbc,p_own_1881,bot_start,2026-09-07 05:20:23.167179351,start=p_own_1881,deterministic,0,synthetic
2011,2f95bc7fe4e3c2af,p_own_1880,promo_code_used,2026-09-07 05:31:09.811820403,start=p_own_1880,deterministic,0,synthetic
2012,59cb40ec5990bca3,p_own_1881,bot_start,2026-09-07 07:06:44.944159601,start=p_own_1881,deterministic,0,synthetic
2013,60e7aef1fdbdf485,p_own_1883,bot_start,2026-09-07 07:06:52.899424041,start=p_own_1883,deterministic,0,synthetic
2014,efe4f66264244733,p_own_1881,manager_chat_open,2026-09-07 07:10:12.925879902,start=p_own_1881,deterministic,0,synthetic
2015,b1a454bc8c50f4c9,p_ext_ds_memes_0904,promo_code_used,2026-09-07 07:28:23.442327740,start=p_ext_ds_memes_0904,deterministic,0,synthetic
2016,2540bf9d1950898e,p_own_1881,promo_code_used,2026-09-07 07:30:23.914466863,start=p_own_1881,deterministic,0,synthetic
2017,aeaa66754375e23d,p_own_1882,promo_code_used,2026-09-07 07:41:55.358753328,start=p_own_1882,deterministic,0,synthetic
2018,6916eb1fd3188d75,p_own_1875,bot_start,2026-09-07 07:42:16.076207539,start=p_own_1875,deterministic,1,synthetic
2019,ef62cb6d61e8bedd,p_own_1882,manager_chat_open,2026-09-07 07:53:49.635904792,start=p_own_1882,deterministic,0,synthetic
2020,a936ffc307c129d3,p_own_1881,manager_chat_open,2026-09-07 07:59:19.214367073,start=p_own_1881,deterministic,0,synthetic
2021,c23892cd88121632,p_own_1863,manager_chat_open,2026-09-07 09:13:24.811878825,start=p_own_1863,deterministic,1,synthetic
2022,ee42807df1acf199,p_own_1881,bot_start,2026-09-07 09:39:12.118834134,start=p_own_1881,deterministic,0,synthetic
2023,c0aef69245218ab4,p_own_1881,manager_chat_open,2026-09-07 10:06:44.307519333,start=p_own_1881,deterministic,0,synthetic
2024,b87976d6aa9d0ccd,p_own_1881,bot_start,2026-09-07 10:15:22.370208170,start=p_own_1881,deterministic,0,synthetic
2025,d4cfad5c4593c447,p_own_1883,manager_chat_open,2026-09-07 11:06:19.920721953,start=p_own_1883,deterministic,0,synthetic
2026,811d3f960db454af,p_own_1883,manager_chat_open,2026-09-07 12:52:56.688461231,start=p_own_1883,deterministic,0,synthetic
2027,dc311b32217c8cf4,p_own_1887,bot_start,2026-09-07 13:50:52.528448956,start=p_own_1887,deterministic,0,synthetic
2028,81c2ad1f45c207fc,p_own_1887,promo_code_used,2026-09-07 13:52:40.000000000,start=p_own_1887,deterministic,1,synthetic
2029,1820045c0ccf4f06,p_own_1887,bot_start,2026-09-07 13:52:40.000000000,start=p_own_1887,deterministic,1,synthetic
2030,b063535e5ebe9ebf,p_own_1887,bot_start,2026-09-07 13:52:40.000000000,start=p_own_1887,deterministic,1,synthetic
2031,b96948162af5c354,p_own_1883,manager_chat_open,2026-09-07 13:56:28.883134173,start=p_own_1883,deterministic,0,synthetic
2032,25dfddfc7c28bcbb,p_own_1877,bot_start,2026-09-07 14:16:39.946191121,start=p_own_1877,deterministic,0,synthetic
2033,f70fe313adc4245d,p_own_1887,bot_start,2026-09-07 14:21:49.494680689,start=p_own_1887,deterministic,0,synthetic
2034,f1a86c4422c3b946,p_own_1883,manager_chat_open,2026-09-07 15:04:46.604701756,start=p_own_1883,deterministic,0,synthetic
2035,409d48d1ed1cac1a,p_own_1880,bot_start,2026-09-07 15:09:51.059548501,start=p_own_1880,deterministic,0,synthetic
2036,d257f4a968ba85fd,p_own_1887,bot_start,2026-09-07 15:11:22.787419753,start=p_own_1887,deterministic,0,synthetic
2037,13fdeef19cb094d7,p_own_1887,manager_chat_open,2026-09-07 15:22:37.961287496,start=p_own_1887,deterministic,0,synthetic
2038,26fcba07ba61c26a,p_own_1887,bot_start,2026-09-07 15:26:34.347221917,start=p_own_1887,deterministic,0,synthetic
2039,5e406271670e2eca,p_own_1882,bot_start,2026-09-07 15:29:28.509036719,start=p_own_1882,deterministic,0,synthetic
2040,ca8c9bd913dd1f59,p_own_1881,manager_chat_open,2026-09-07 16:07:38.148312737,start=p_own_1881,deterministic,1,synthetic
2041,0577c8edfbfae88f,p_own_1882,manager_chat_open,2026-09-07 16:28:36.200650611,start=p_own_1882,deterministic,0,synthetic
2042,08f0dab4784fb227,p_own_1881,bot_start,2026-09-07 16:46:12.451171099,start=p_own_1881,deterministic,0,synthetic
2043,13c3d1f5e23a953c,p_own_1882,promo_code_used,2026-09-07 16:54:26.622328051,start=p_own_1882,deterministic,0,synthetic
2044,1520f84a56a9c805,p_own_1880,bot_start,2026-09-07 17:09:41.847731236,start=p_own_1880,deterministic,0,synthetic
2045,08a4615317b938ba,p_own_1880,bot_start,2026-09-07 18:24:30.697712013,start=p_own_1880,deterministic,0,synthetic
2046,2648e015eef58f09,p_own_1887,manager_chat_open,2026-09-07 18:34:44.996976650,start=p_own_1887,deterministic,0,synthetic
2047,50ab0b1d07408b9f,p_own_1877,bot_start,2026-09-07 18:58:56.078294267,start=p_own_1877,deterministic,1,synthetic
2048,cb6e78f9d5427221,p_own_1883,bot_start,2026-09-07 19:03:31.806937060,start=p_own_1883,deterministic,0,synthetic
2049,2c513d4ada23ad7c,p_own_1883,bot_start,2026-09-07 19:03:38.163008200,start=p_own_1883,deterministic,0,synthetic
2050,57ef8eb34303990c,p_own_1882,manager_chat_open,2026-09-07 19:11:27.667666854,start=p_own_1882,deterministic,0,synthetic
2051,7882dd05e4ee58e4,p_own_1887,bot_start,2026-09-07 19:31:37.398756132,start=p_own_1887,deterministic,0,synthetic
2052,be0fe21a492de3ed,p_own_1892,bot_start,2026-09-07 19:53:13.331959177,start=p_own_1892,deterministic,0,synthetic
2053,81c2ad1f45c207fc,p_own_1883,manager_chat_open,2026-09-07 19:56:43.464240115,start=p_own_1883,deterministic,1,synthetic
2054,96ea6e9a41b65fe4,p_own_1892,bot_start,2026-09-07 20:15:19.312602585,start=p_own_1892,deterministic,0,synthetic
2055,1d9cfa6a22116360,p_own_1887,bot_start,2026-09-07 20:24:49.266942328,start=p_own_1887,deterministic,0,synthetic
2056,3dce97cf13418ce1,p_own_1883,bot_start,2026-09-07 20:30:03.511865746,start=p_own_1883,deterministic,0,synthetic
2057,9816a88f67c79b77,p_own_1892,bot_start,2026-09-07 20:33:31.475454616,start=p_own_1892,deterministic,0,synthetic
2058,0b9be2535e595810,p_own_1882,bot_start,2026-09-07 21:17:13.433342245,start=p_own_1882,deterministic,0,synthetic
2059,1e690ba0c7bcb817,p_ext_ds_memes_0904,bot_start,2026-09-07 21:17:25.240267711,start=p_ext_ds_memes_0904,deterministic,0,synthetic
2060,a40f35a861a6279b,p_own_1882,bot_start,2026-09-07 21:20:28.283106490,start=p_own_1882,deterministic,0,synthetic
2061,82d5b939faabc86e,p_own_1887,manager_chat_open,2026-09-07 21:38:51.699455746,start=p_own_1887,deterministic,0,synthetic
2062,8c9339cfc561746c,p_own_1881,promo_code_used,2026-09-07 21:49:23.296689568,start=p_own_1881,deterministic,0,synthetic
2063,3d4389004a8297d0,p_own_1877,bot_start,2026-09-07 22:12:12.307992185,start=p_own_1877,deterministic,1,synthetic
2064,8d98d8b72ef24f70,p_own_1882,bot_start,2026-09-07 22:27:34.203220532,start=p_own_1882,deterministic,0,synthetic
2065,287f1ec7fae4feb1,p_own_1881,bot_start,2026-09-07 22:40:49.472820059,start=p_own_1881,deterministic,0,synthetic
2066,f49145616b948d04,p_own_1881,manager_chat_open,2026-09-07 23:11:24.492709198,start=p_own_1881,deterministic,0,synthetic
2067,15a86f917b2d23e0,p_own_1887,manager_chat_open,2026-09-07 23:30:34.173111557,start=p_own_1887,deterministic,0,synthetic
2068,446681f87af42e48,p_own_1880,bot_start,2026-09-07 23:41:23.571717979,start=p_own_1880,deterministic,0,synthetic
2069,d0b57c355a6cf54a,p_own_1883,manager_chat_open,2026-09-07 23:41:43.263160585,start=p_own_1883,deterministic,0,synthetic
2070,c857380ff022b0d0,p_own_1892,bot_start,2026-09-08 00:11:03.146511976,start=p_own_1892,deterministic,0,synthetic
2071,61c88b83bab0bfa3,p_own_1882,bot_start,2026-09-08 00:16:57.844541900,start=p_own_1882,deterministic,0,synthetic
2072,ea2e3e3d559067da,p_own_1880,bot_start,2026-09-08 00:22:31.783004065,start=p_own_1880,deterministic,0,synthetic
2073,7b3856544bae91d4,p_own_1887,promo_code_used,2026-09-08 00:34:55.101684205,start=p_own_1887,deterministic,0,synthetic
2074,d53ed772b83d2854,p_own_1880,bot_start,2026-09-08 00:44:51.124758349,start=p_own_1880,deterministic,0,synthetic
2075,3a06ff8b3aa6fcc3,p_own_1892,bot_start,2026-09-08 00:52:58.842002227,start=p_own_1892,deterministic,0,synthetic
2076,25d44bf79ffc477f,p_own_1883,bot_start,2026-09-08 00:56:41.966673229,start=p_own_1883,deterministic,0,synthetic
2077,e45157332d6ee938,p_own_1887,bot_start,2026-09-08 01:04:54.290850709,start=p_own_1887,deterministic,0,synthetic
2078,bbdbd04bd4fe18ef,p_own_1883,bot_start,2026-09-08 01:20:29.360603380,start=p_own_1883,deterministic,0,synthetic
2079,14b45cbedf632112,p_own_1883,bot_start,2026-09-08 01:50:15.739298178,start=p_own_1883,deterministic,0,synthetic
2080,3db2f5f67ce8bbe8,p_own_1883,bot_start,2026-09-08 02:13:25.948724511,start=p_own_1883,deterministic,0,synthetic
2081,eb63e3a74f39a83d,p_own_1883,promo_code_used,2026-09-08 02:36:55.834952958,start=p_own_1883,deterministic,0,synthetic
2082,65e77d1372a281ae,p_ext_ds_memes_0904,manager_chat_open,2026-09-08 02:55:19.963254685,start=p_ext_ds_memes_0904,deterministic,0,synthetic
2083,0d73b51b5dff4a6a,p_own_1872,promo_code_used,2026-09-08 03:01:11.780827110,start=p_own_1872,deterministic,1,synthetic
2084,3725796597991a75,p_own_1887,manager_chat_open,2026-09-08 03:24:47.575502274,start=p_own_1887,deterministic,0,synthetic
2085,3a35f03277284fc6,p_own_1887,bot_start,2026-09-08 03:26:37.826903573,start=p_own_1887,deterministic,0,synthetic
2086,bda1b083058cdf71,p_own_1887,manager_chat_open,2026-09-08 04:27:32.212315684,start=p_own_1887,deterministic,0,synthetic
2087,231bbbca1b36c903,p_own_1892,manager_chat_open,2026-09-08 05:02:55.204898429,start=p_own_1892,deterministic,0,synthetic
2088,e44dea4d8da5c241,p_ext_ds_memes_0904,manager_chat_open,2026-09-08 05:43:09.517598728,start=p_ext_ds_memes_0904,deterministic,1,synthetic
2089,85e7d5de54214c3a,p_own_1892,bot_start,2026-09-08 05:45:01.283607305,start=p_own_1892,deterministic,0,synthetic
2090,a34fcbf3097dfe4e,p_own_1887,bot_start,2026-09-08 06:07:56.121153547,start=p_own_1887,deterministic,0,synthetic
2091,ffff989da2c8f13b,p_own_1892,bot_start,2026-09-08 07:28:22.670708501,start=p_own_1892,deterministic,0,synthetic
2092,96a1f166a2ef375f,p_own_1887,manager_chat_open,2026-09-08 07:40:21.325837867,start=p_own_1887,deterministic,0,synthetic
2093,2ff373631a2f8d07,p_own_1881,manager_chat_open,2026-09-08 07:41:38.122170494,start=p_own_1881,deterministic,0,synthetic
2094,cd7ce7e184da250e,p_own_1887,promo_code_used,2026-09-08 08:55:41.380214906,start=p_own_1887,deterministic,0,synthetic
2095,47aa1b81d3548799,p_own_1887,bot_start,2026-09-08 11:16:16.146491990,start=p_own_1887,deterministic,0,synthetic
2096,fe588b1b4339c6a9,p_own_1887,bot_start,2026-09-08 12:05:37.693116723,start=p_own_1887,deterministic,0,synthetic
2097,c975e204f293976f,p_own_1881,manager_chat_open,2026-09-08 12:13:22.015222688,start=p_own_1881,deterministic,0,synthetic
2098,f26604ec85b05352,p_own_1881,bot_start,2026-09-08 12:38:10.491036930,start=p_own_1881,deterministic,0,synthetic
2099,132e61b88392f7f4,p_own_1883,promo_code_used,2026-09-08 12:40:57.542566462,start=p_own_1883,deterministic,0,synthetic
2100,0389ed1768b50b22,p_own_1883,bot_start,2026-09-08 13:26:05.480878262,start=p_own_1883,deterministic,0,synthetic
2101,3c015c1b7a4fc024,p_own_1892,manager_chat_open,2026-09-08 14:03:57.627234827,start=p_own_1892,deterministic,0,synthetic
2102,74aef16e9d315311,p_own_1892,manager_chat_open,2026-09-08 14:13:28.230931778,start=p_own_1892,deterministic,0,synthetic
2103,9db8ab0179f2e937,p_own_1892,bot_start,2026-09-08 14:21:56.040814724,start=p_own_1892,deterministic,1,synthetic
2104,d6b9863323d3bd25,p_own_1887,promo_code_used,2026-09-08 14:56:21.946569322,start=p_own_1887,deterministic,0,synthetic
2105,ee55f94648db21d8,p_own_1887,manager_chat_open,2026-09-08 16:11:40.728023830,start=p_own_1887,deterministic,0,synthetic
2106,f1e402bfdf9eb1a2,p_own_1881,manager_chat_open,2026-09-08 17:45:47.105661810,start=p_own_1881,deterministic,0,synthetic
2107,116b741d3f876444,p_own_1878,bot_start,2026-09-08 17:56:48.784240898,start=p_own_1878,deterministic,0,synthetic
2108,d22b0af5650d88c2,p_own_1880,manager_chat_open,2026-09-08 18:02:16.147883396,start=p_own_1880,deterministic,0,synthetic
2109,b063535e5ebe9ebf,p_own_1878,bot_start,2026-09-08 18:11:48.631620694,start=p_own_1878,deterministic,1,synthetic
2110,bd83ad62d7302cf7,p_own_1892,manager_chat_open,2026-09-08 18:14:53.075716319,start=p_own_1892,deterministic,0,synthetic
2111,8f6546c2a50bc651,p_own_1887,manager_chat_open,2026-09-08 18:17:30.396932950,start=p_own_1887,deterministic,0,synthetic
2112,7a81dd2c31d8092a,p_own_1895,manager_chat_open,2026-09-08 18:32:01.000000000,start=p_own_1895,deterministic,1,synthetic
2113,d91181f210a6e09d,p_own_1881,promo_code_used,2026-09-08 19:02:10.463699132,start=p_own_1881,deterministic,0,synthetic
2114,2ed9a163ba582956,p_own_1895,bot_start,2026-09-08 19:19:53.667108787,start=p_own_1895,deterministic,0,synthetic
2115,f9a0ae0fcdd227fc,p_own_1895,bot_start,2026-09-08 19:33:22.886612497,start=p_own_1895,deterministic,0,synthetic
2116,bee209c15cf6a964,p_own_1881,manager_chat_open,2026-09-08 19:53:17.367625047,start=p_own_1881,deterministic,0,synthetic
2117,363a0350d77ad0a7,p_own_1880,bot_start,2026-09-08 20:12:13.464815451,start=p_own_1880,deterministic,0,synthetic
2118,7666d3331b969b56,p_own_1895,manager_chat_open,2026-09-08 20:40:01.941601565,start=p_own_1895,deterministic,0,synthetic
2119,8e538deeee8483e2,p_own_1881,bot_start,2026-09-08 20:41:19.807067402,start=p_own_1881,deterministic,0,synthetic
2120,23bd2eb887561ffe,p_own_1892,bot_start,2026-09-08 21:10:52.965523230,start=p_own_1892,deterministic,0,synthetic
2121,f755c064c8a5178a,p_own_1892,bot_start,2026-09-08 21:13:45.146680054,start=p_own_1892,deterministic,0,synthetic
2122,36167c94c5912528,p_own_1895,manager_chat_open,2026-09-08 21:19:09.358691977,start=p_own_1895,deterministic,0,synthetic
2123,b7f2f36a265fc6a0,p_ext_ds_memes_0904,bot_start,2026-09-08 21:41:39.852099869,start=p_ext_ds_memes_0904,deterministic,1,synthetic
2124,c46105d5f3b5c1d4,p_own_1880,bot_start,2026-09-08 22:29:36.696794893,start=p_own_1880,deterministic,0,synthetic
2125,74951bc2f4efcc20,p_own_1863,bot_start,2026-09-08 22:42:38.391590363,start=p_own_1863,deterministic,1,synthetic
2126,f60ac11b75a4e65a,p_own_1892,bot_start,2026-09-08 23:05:40.192347449,start=p_own_1892,deterministic,0,synthetic
2127,9a57fe1ef4351c6d,p_own_1880,manager_chat_open,2026-09-08 23:18:48.156013000,start=p_own_1880,deterministic,0,synthetic
2128,159f693dae379601,p_own_1887,promo_code_used,2026-09-09 00:11:22.208551564,start=p_own_1887,deterministic,0,synthetic
2129,1c832bc5229eeeed,p_own_1892,manager_chat_open,2026-09-09 00:20:15.888543016,start=p_own_1892,deterministic,0,synthetic
2130,e579a8beaf47811e,p_own_1881,bot_start,2026-09-09 01:52:37.164899860,start=p_own_1881,deterministic,0,synthetic
2131,40b88b78c259906b,p_own_1895,promo_code_used,2026-09-09 01:57:09.812186981,start=p_own_1895,deterministic,0,synthetic
2132,f8fcf582e70e887c,p_own_1895,manager_chat_open,2026-09-09 02:02:48.774901491,start=p_own_1895,deterministic,0,synthetic
2133,838222e5a5c1f336,p_own_1892,bot_start,2026-09-09 02:29:18.864872507,start=p_own_1892,deterministic,0,synthetic
2134,b3aeb4b59daea97f,p_own_1887,promo_code_used,2026-09-09 02:58:19.563180465,start=p_own_1887,deterministic,0,synthetic
2135,9e7a1e6002cd3158,p_own_1880,promo_code_used,2026-09-09 03:44:37.981486550,start=p_own_1880,deterministic,0,synthetic
2136,0a8c0d5a04afeff8,p_own_1887,bot_start,2026-09-09 03:56:43.827437420,start=p_own_1887,deterministic,0,synthetic
2137,7a81dd2c31d8092a,p_own_1874,bot_start,2026-09-09 04:48:53.221322059,start=p_own_1874,deterministic,1,synthetic
2138,1a29347f805f963f,p_own_1895,bot_start,2026-09-09 04:52:49.271265147,start=p_own_1895,deterministic,0,synthetic
2139,aebde7dac62f78f3,p_own_1881,promo_code_used,2026-09-09 05:22:49.032315273,start=p_own_1881,deterministic,0,synthetic
2140,ad365d7d9f5c9d77,p_own_1892,manager_chat_open,2026-09-09 05:24:13.267379380,start=p_own_1892,deterministic,0,synthetic
2141,f01cd0e331b0c18d,p_ext_ds_memes_0904,bot_start,2026-09-09 05:31:09.489909737,start=p_ext_ds_memes_0904,deterministic,0,synthetic
2142,2ec1a5e445623878,p_own_1892,promo_code_used,2026-09-09 06:01:09.989124516,start=p_own_1892,deterministic,1,synthetic
2143,05ce6b011a594236,p_own_1895,bot_start,2026-09-09 06:46:57.714018388,start=p_own_1895,deterministic,0,synthetic
2144,56aeaadbbde67491,p_own_1895,manager_chat_open,2026-09-09 06:57:26.576618825,start=p_own_1895,deterministic,0,synthetic
2145,de5250b7c24d41c0,p_own_1883,bot_start,2026-09-09 08:41:10.004923959,start=p_own_1883,deterministic,0,synthetic
2146,32a38e0b986ff092,p_own_1883,manager_chat_open,2026-09-09 09:37:06.984286164,start=p_own_1883,deterministic,0,synthetic
2147,6b4d2e39b36dd45e,p_own_1881,bot_start,2026-09-09 11:22:37.104526909,start=p_own_1881,deterministic,1,synthetic
2148,93e3573724bffa38,p_own_1887,manager_chat_open,2026-09-09 11:36:33.096036912,start=p_own_1887,deterministic,0,synthetic
2149,4e46bed800fe79fe,p_own_1895,bot_start,2026-09-09 13:01:12.304413671,start=p_own_1895,deterministic,0,synthetic
2150,93a1369d333f5979,p_ext_ds_memes_0904,bot_start,2026-09-09 13:30:40.322146125,start=p_ext_ds_memes_0904,deterministic,1,synthetic
2151,2cac2aeb4a9fbfea,p_own_1887,manager_chat_open,2026-09-09 13:48:47.229689103,start=p_own_1887,deterministic,0,synthetic
2152,6d676057c51274eb,p_own_1880,manager_chat_open,2026-09-09 15:36:40.148587975,start=p_own_1880,deterministic,0,synthetic
2153,eefe402ea6d1a54b,p_own_1887,bot_start,2026-09-09 16:28:45.867450383,start=p_own_1887,deterministic,0,synthetic
2154,d4179ac43e9510d6,p_own_1877,manager_chat_open,2026-09-09 18:40:47.387760023,start=p_own_1877,deterministic,0,synthetic
2155,488332ec79ef92f6,p_own_1881,manager_chat_open,2026-09-09 20:24:19.454176154,start=p_own_1881,deterministic,0,synthetic
2156,975adfc3c76cf410,p_own_1892,bot_start,2026-09-09 21:30:33.515166520,start=p_own_1892,deterministic,0,synthetic
2157,df3449c173a3f2d0,p_own_1897,manager_chat_open,2026-09-09 22:10:43.416512615,start=p_own_1897,deterministic,0,synthetic
2158,c84a82a8a8f6af3b,p_own_1895,manager_chat_open,2026-09-09 22:18:21.757541250,start=p_own_1895,deterministic,0,synthetic
2159,30e7b655daee5b50,p_own_1883,bot_start,2026-09-09 23:50:23.890623002,start=p_own_1883,deterministic,0,synthetic
2160,431aecf2445c3308,p_own_1892,promo_code_used,2026-09-10 02:14:43.834396879,start=p_own_1892,deterministic,0,synthetic
2161,a7c19b5a12b35d26,p_own_1897,manager_chat_open,2026-09-10 06:17:59.775214455,start=p_own_1897,deterministic,0,synthetic
2162,240657a1f18bcb94,p_own_1895,bot_start,2026-09-10 06:53:40.801079751,start=p_own_1895,deterministic,0,synthetic
2163,e4ac8e011aba966a,p_own_1897,manager_chat_open,2026-09-10 07:18:37.694417860,start=p_own_1897,deterministic,0,synthetic
2164,d33b036bbb96b359,p_own_1887,manager_chat_open,2026-09-10 07:30:43.709281413,start=p_own_1887,deterministic,0,synthetic
2165,d13dfcca5b5e01fc,p_own_1892,bot_start,2026-09-10 09:44:09.243678751,start=p_own_1892,deterministic,0,synthetic
2166,baaeaa49dab60620,p_own_1883,bot_start,2026-09-10 10:19:35.686072373,start=p_own_1883,deterministic,0,synthetic
2167,cfd0e8a6fcf7a154,p_own_1895,bot_start,2026-09-10 11:14:32.216081979,start=p_own_1895,deterministic,0,synthetic
2168,59a51018b92e9ac7,p_own_1887,promo_code_used,2026-09-10 11:40:36.936282958,start=p_own_1887,deterministic,0,synthetic
2169,5656bf1258f0e46f,p_own_1887,bot_start,2026-09-10 12:15:37.475766568,start=p_own_1887,deterministic,0,synthetic
2170,a522c16b6a4b81b3,p_own_1882,bot_start,2026-09-10 13:32:35.168007485,start=p_own_1882,deterministic,0,synthetic
2171,ebfdffa4dc9a35ed,p_ext_ds_memes_0904,promo_code_used,2026-09-10 13:41:59.992815934,start=p_ext_ds_memes_0904,deterministic,0,synthetic
2172,189f54988cfeb1d8,p_own_1881,bot_start,2026-09-10 14:00:26.285756814,start=p_own_1881,deterministic,0,synthetic
2173,29ec0af957d7707c,p_own_1887,bot_start,2026-09-10 15:26:11.720645842,start=p_own_1887,deterministic,0,synthetic
2174,1f4ec440f560d972,p_own_1899,manager_chat_open,2026-09-10 17:31:48.677447691,start=p_own_1899,deterministic,0,synthetic
2175,173ed7fbbef3b4b5,p_own_1897,bot_start,2026-09-10 17:39:23.805624820,start=p_own_1897,deterministic,0,synthetic
2176,1cef1750a6cda57b,p_own_1897,bot_start,2026-09-10 17:42:01.754849901,start=p_own_1897,deterministic,0,synthetic
2177,1f59697e1a5fe41d,p_own_1898,manager_chat_open,2026-09-10 18:45:59.271146038,start=p_own_1898,deterministic,0,synthetic
2178,790e224115cf7665,p_own_1897,manager_chat_open,2026-09-10 19:47:46.398096213,start=p_own_1897,deterministic,0,synthetic
2179,2052f3cbe914778a,p_own_1899,bot_start,2026-09-10 20:22:20.639792302,start=p_own_1899,deterministic,0,synthetic
2180,2d415f1e88c938ac,p_own_1897,manager_chat_open,2026-09-10 20:41:28.522132706,start=p_own_1897,deterministic,0,synthetic
2181,69d70c140476e526,p_own_1892,bot_start,2026-09-10 20:58:13.679338151,start=p_own_1892,deterministic,0,synthetic
2182,c566aaf451bf565a,p_own_1898,manager_chat_open,2026-09-10 21:05:35.892561085,start=p_own_1898,deterministic,0,synthetic
2183,130a59964d7f3530,p_own_1883,bot_start,2026-09-10 22:12:38.351647447,start=p_own_1883,deterministic,0,synthetic
2184,23629f57ab15514a,p_own_1898,bot_start,2026-09-10 23:09:21.475246077,start=p_own_1898,deterministic,0,synthetic
2185,34a25697df369543,p_own_1897,manager_chat_open,2026-09-10 23:30:50.604983656,start=p_own_1897,deterministic,0,synthetic
2186,4fcf4e22ad68b140,p_own_1897,manager_chat_open,2026-09-11 00:57:14.431919049,start=p_own_1897,deterministic,0,synthetic
2187,3c983c89ec37d9fb,p_own_1899,manager_chat_open,2026-09-11 01:29:08.665222883,start=p_own_1899,deterministic,0,synthetic
2188,21ca4b0dd04eb774,p_own_1892,promo_code_used,2026-09-11 02:00:37.763507736,start=p_own_1892,deterministic,0,synthetic
2189,5180392264e03649,p_own_1899,bot_start,2026-09-11 02:24:55.240790236,start=p_own_1899,deterministic,0,synthetic
2190,3f453344e7af6be3,p_own_1899,bot_start,2026-09-11 02:49:13.861423800,start=p_own_1899,deterministic,0,synthetic
2191,f4fd9bd71f62a553,p_own_1899,manager_chat_open,2026-09-11 04:04:23.236284014,start=p_own_1899,deterministic,0,synthetic
2192,0fa75b223b92df52,p_own_1899,bot_start,2026-09-11 04:14:21.037471407,start=p_own_1899,deterministic,0,synthetic
2193,c5eb2cd9ff689529,p_own_1899,bot_start,2026-09-11 06:01:14.183444106,start=p_own_1899,deterministic,0,synthetic
2194,9ad55cd945b44183,p_own_1898,bot_start,2026-09-11 06:56:17.908322287,start=p_own_1898,deterministic,0,synthetic
2195,afa96519613f7632,p_own_1899,manager_chat_open,2026-09-11 07:13:32.969690585,start=p_own_1899,deterministic,0,synthetic
2196,7305b821731408be,p_own_1899,manager_chat_open,2026-09-11 09:32:51.005453282,start=p_own_1899,deterministic,0,synthetic
2197,39f5e78817035842,p_own_1899,bot_start,2026-09-11 10:04:47.077271134,start=p_own_1899,deterministic,0,synthetic
2198,23bf41a9c43fdef0,p_own_1899,bot_start,2026-09-11 10:13:53.020360677,start=p_own_1899,deterministic,0,synthetic
2199,ae3dd84ec5779f31,p_own_1899,manager_chat_open,2026-09-11 12:12:50.081735387,start=p_own_1899,deterministic,0,synthetic
2200,c93fc56e0e09303b,p_own_1899,bot_start,2026-09-11 13:02:00.391324707,start=p_own_1899,deterministic,0,synthetic
2201,3458c7a7d9ab5019,p_own_1898,manager_chat_open,2026-09-11 13:40:39.017329971,start=p_own_1898,deterministic,0,synthetic
2202,3d8bea98a6ef944c,p_own_1881,bot_start,2026-09-11 13:49:34.234914759,start=p_own_1881,deterministic,0,synthetic
2203,957a0eae7a9ede7b,p_own_1897,bot_start,2026-09-11 18:59:53.024166567,start=p_own_1897,deterministic,0,synthetic
2204,a15f30d794078992,p_own_1900,manager_chat_open,2026-09-11 21:57:24.152012075,start=p_own_1900,deterministic,0,synthetic
2205,510da863d2b0d00f,p_own_1883,bot_start,2026-09-12 01:08:35.232040423,start=p_own_1883,deterministic,0,synthetic
2206,5916da652cf18954,p_own_1899,bot_start,2026-09-12 01:31:39.125668571,start=p_own_1899,deterministic,0,synthetic
2207,8372edccc3979628,p_own_1898,bot_start,2026-09-12 04:07:01.675119014,start=p_own_1898,deterministic,0,synthetic
2208,bf0414d0bffe47d7,p_own_1900,promo_code_used,2026-09-12 05:09:02.347930807,start=p_own_1900,deterministic,0,synthetic
2209,921f22d89968ba84,p_own_1897,manager_chat_open,2026-09-12 08:20:53.675535587,start=p_own_1897,deterministic,0,synthetic
2210,f04156e2eb92fa4b,p_own_1897,bot_start,2026-09-12 09:54:52.215224445,start=p_own_1897,deterministic,0,synthetic
2211,7c53a65fee60b36b,p_own_1899,bot_start,2026-09-12 12:46:56.826490073,start=p_own_1899,deterministic,0,synthetic
2212,413bf37b52ebfb62,p_own_1900,bot_start,2026-09-12 12:59:46.775956888,start=p_own_1900,deterministic,0,synthetic
2213,21478858e0620a4b,p_own_1898,bot_start,2026-09-12 15:03:43.227672517,start=p_own_1898,deterministic,0,synthetic
2214,39e1d67344a579ff,p_own_1899,bot_start,2026-09-12 16:37:46.398756175,start=p_own_1899,deterministic,0,synthetic
2215,44b273328698a371,p_own_1900,bot_start,2026-09-12 17:09:03.688387786,start=p_own_1900,deterministic,0,synthetic
2216,761c372ea5923f65,p_own_1899,bot_start,2026-09-12 20:54:15.081506863,start=p_own_1899,deterministic,0,synthetic
2217,349d8504ff665ae0,p_own_1901,bot_start,2026-09-12 22:26:14.880109991,start=p_own_1901,deterministic,0,synthetic
2218,474fcd6316645634,p_own_1898,manager_chat_open,2026-09-13 00:32:26.682727750,start=p_own_1898,deterministic,0,synthetic
2219,4d2dd43cccee55ea,p_own_1901,manager_chat_open,2026-09-13 01:01:14.396751416,start=p_own_1901,deterministic,0,synthetic
2220,c380d67c0892288e,p_own_1900,bot_start,2026-09-13 06:57:23.019338259,start=p_own_1900,deterministic,0,synthetic
2221,04452c0f535799eb,p_own_1899,bot_start,2026-09-13 10:06:07.810115469,start=p_own_1899,deterministic,0,synthetic
2222,24f6d10deea96a8d,p_own_1901,bot_start,2026-09-13 10:41:49.853917690,start=p_own_1901,deterministic,0,synthetic
2223,ff61dd59d1f20dfd,p_own_1899,bot_start,2026-09-13 11:21:00.803433144,start=p_own_1899,deterministic,0,synthetic
2224,392798bbdf67cce3,p_own_1901,manager_chat_open,2026-09-13 14:30:43.952819977,start=p_own_1901,deterministic,0,synthetic
2225,2c8887f4b5fd8b21,p_own_1900,bot_start,2026-09-13 17:21:29.655950258,start=p_own_1900,deterministic,0,synthetic
2226,cef5bfb23b2c3a0f,p_own_1898,bot_start,2026-09-13 17:48:40.796120304,start=p_own_1898,deterministic,0,synthetic
2227,57e85b0842878259,p_own_1900,bot_start,2026-09-13 23:48:49.725599102,start=p_own_1900,deterministic,0,synthetic
2228,00ecf19b038c5632,p_own_1892,manager_chat_open,2026-09-14 18:23:45.698272100,start=p_own_1892,deterministic,0,synthetic
2229,9cdca80e73502bd7,p_own_1900,bot_start,2026-09-15 18:05:10.977305587,start=p_own_1900,deterministic,0,synthetic
2230,2046355b0d88787f,p_own_1901,promo_code_used,2026-09-16 01:40:28.566976593,start=p_own_1901,deterministic,0,synthetic
2231,1bf545b64ea6ee1c,p_own_1900,manager_chat_open,2026-09-16 02:03:21.842227781,start=p_own_1900,deterministic,0,synthetic
2232,9bb116dd3836e034,p_own_1901,bot_start,2026-09-16 13:31:07.286425358,start=p_own_1901,deterministic,0,synthetic
2233,39a8c0646d638a46,p_own_1899,bot_start,2026-09-17 11:51:45.048401031,start=p_own_1899,deterministic,0,synthetic
